MPN,Quantity,Value,Location,SN,Assembly Type,Functional Category,Revision,Board Count,Subassembly Count,Interface Type,Power Input Range,Feature Set,Microcontroller / Processor,Memory Type,Connectors Used,Mechanical Features,Thermal Design,Protection Features,Test Coverage,Certification,Operating Temperature,Mounting Type,Package / Case,Manufacturer,RoHS,Description,Datasheet,TT,FF,CC,SS,XXX,DMTUID,Coil Voltage,Contact Form,Contact Rating (Current),Switching Voltage,Load - Max Switching,Coil Current,Coil Type,Termination Style,Seal Rating,Coil Insulation,Must Operate Voltage,Must Release Voltage,Operate Time,Release Time,Contact Material,Relay Type,Coil Resistance,Features,Switching Cycles,Type,Voltage - Input,Voltage - Output,Current - Output,Power (Watts),Efficiency,Regulation,Connector,Polarity,Protocol,Number of Drivers/Receivers,Duplex,Receiver Hysteresis,Data Rate,Input Type,Output Type,Input Voltage - Min,Input Voltage - Max,Maximum Output Voltage,Voltage - Supply,Pd - Power Dissipation,ESD Protection,Isolation,Moisture Sensitive,Qualification,Connector Type,Number of Ports,Shielding,With Magnetics,LEDs,Orientation,Gender,Jack Configuration,Mounting Feature,EMI Tabs,Current Rating,Technology,Memory Size,Memory Organization,Interface,Clock Frequency,Access Time,Endurance,Data Retention,Material - Core,Inductance,Tolerance,Current Rating (Amps),Current - Saturation (Isat),DC Resistance (DCR),Q @ Freq,Frequency - Self Resonant,Inductance Frequency - Test,Function,Output Configuration,Topology,Number of Regulators,Voltage - Input (Min),Voltage - Input (Max),Voltage - Output (Min/Fixed),Voltage - Output (Max),Frequency - Switching,Duty Cycle (Max),PSRR,Control Features,FET Type,Drain to Source Voltage (Vdss),Current - Continuous Drain (Id) on 25°C,Drive Voltage (Max Rds On),Drive Voltage (Min Rds On),"Rds On (Max) @ Id, Vgs",Vgs(th) (Max) @ Id,Gate Charge (Qg) (Max) @ Vgs,Vgs (Max),Input Capacitance (Ciss) (Max) @ Vds,FET Feature,Power Dissipation (Max),Grade,Filter Type,Number of Lines,Impedance @ Frequency,Current Rating (Max),DC Resistance (DCR) (Max),Number of Positions,Number of Rows,Pitch,Contact Gender,Wire Gauge,Locking Feature,Voltage Rating,Housing Material,Number of Contacts,Shell Material,Plating Contact,Sensor Front End Type,Number of Channels,Data Rate / Sample Rate,Resolution,Core Processor,Core Size,Speed,Connectivity,Peripherals,Number of I/O,Program Memory Size,Program Memory Type,EEPROM Size,RAM Size,Voltage - Supply (Vcc/Vdd),Data Converters,Oscillator Type,Logic Type,Number of Circuits,Number of Inputs,Number of Elements,Number of Bits per Element,"Max Propagation Delay @ V, Max CL",Trigger Type,Voltage - Output High,Voltage - Output Low,Current - Output High,Current - Output Low,Quiescent Current (Iq),Input Capacitance (Cin),Channels,Resistance,Composition,Temperature Coefficient,Ratings,Capacitance,Voltage - Rated,Dielectric,ESR @ Frequency,Ripple Current @ Low Frequency,Ripple Current @ High Frequency,Package,Applications,Failure Rate,Current - Continuous Drain (Id) @ 25°C,"Drive Voltage (Max Rds On, Min Rds On)",Supplier Device Package,Series,Transistor Type,Collector-Emitter Voltage (Vceo),Collector-Base Voltage (Vcbo),Emitter-Base Voltage (Vebo),Collector Current (Ic),Power Dissipation (Pd),"Gain (hFE) @ Ic, Vce",Transition Frequency (ft),Noise Figure,,Operating Supply Voltage,Termination,Height Above Board,LED Color,Number of Cores per Jack,Tab Direction,Contact Finish,Contact Finish Thickness,Shield Material,Configuration,Diode Type,Voltage - Zener (Nom) (Vz),Power - Max,Current - Average Rectified (Io),Current - Peak Reverse Surge (Ifsm),Current - Reverse Leakage @ Vr,Voltage - Forward (Vf) (Max) @ If,Reverse Recovery Time (trr),"Capacitance @ Vr, F",Breakdown Voltage (Vbr),ESD Protection Level,Amplifier Type,Slew Rate,Gain Bandwidth Product,Current - Input Bias,Voltage - Input Offset,Current - Supply,Current - Output / Channel,Voltage - Supply (Min),Voltage - Supply (Max),Row Count,Material Contact,Insulation Material,Family Type,Connector A,Connector B,Gender A,Gender B,Pin Count A,Pin Count B,Keying / Lock,Orientation (Straight / RA),Length,Conductor Size (AWG),Conductor Material,Stranding,Jacket Material,Color,Protocol / Standard,Max Data Rate,Rated Voltage,Bend Radius (Min),IP Rating,Flame Rating,Halogen Free,Approvals / Certifications,Impedance (Ω),Frequency (Max),RF Polarity (A/B),Cable Type (RG/LMR),VSWR (Max),Return Loss (Min),Insertion Loss @ Freq,Phase Stability,Power Handling,Shield Construction,Armored,Right-angle Ends,Bulkhead / Panel Mount,Category (Cat5e/Cat6/…),Shielding Type (UTP/FTP/S-FTP),Conductor Type (Stranded/Solid),Boot Type (Snagless/None),"Industrial Variant (M12, IP-rated)",Bandwidth (MHz),PoE Class Support,Jacket Rating (CM/CMR/CMP/LSZH),Type (FFC/FPC),Contact Style (A same / B opposite),Pitch (mm),Positions,Thickness,Contact Plating,Orientation (ZIF/LIF),Reinforcement / Stiffener,Current per Conductor,Jacket / Film Material,Cable Type (Hook-up/Ribbon/Multi-conductor),Conductor Count,Pair Count,Strand Construction (e.g. 56×0.3 mm),Drain Wire,Twist / Pairing,Overall Diameter (OD),UL Style,Jacket Rating (CM/CMR/CMP/PLENUM/LSZH),Flex Rating (Drag-chain/High-flex),Length Unit (Per m / Reel),Flat Flex Type,Connector/Contact Type,FFC/FPC Thickness,Cable End Type,Actuator Material,Material Flammability Rating,Housing Color,Actuator Color,Dielectric Strength,Insulation Resistance,Operate Life (Mechanical),Operate Life (Electrical),Approval Agency,Board Type,MCU / SoC / FPGA,Processor Family,Clock Speed,Interface Options,Supported Protocols,Expansion Headers,Debug Interface,Power Supply Voltage,Current Consumption,Dimensions,Mounting Holes,Included Accessories,Firmware / SDK Support,Evaluation Target,Supported Packages,Hole Pitch,Grid Size,Board Dimensions,Material,Copper Thickness,Finish Type,Pad Style,Soldermask Color,Silkscreen Color,Breadboard Compatibility,Stackable,With Power Rails
STB60NF06LT4,79,STB60NF06,SemiBox,,,,,,,,,,,,,,,,,,-65 °C to 175 °C,SMD,D2PAK,ST Microelectronics,YES,N-channel 60 V - 0.012Ω - 60 A - TO-220/D2 PAK/TO-220 FP STripFET™ II Power MOSFET,https://www.st.com/resource/en/datasheet/stp60 nf06 l.pdf,02,03,01,10,001,DMT-02030110001,,,,,,,,,,,,,,,,,,,,,,,,,,,,,,,,,,,,,,,,,,,,AEC-Q101,,,,,,,,,,,,MOSFET,,,,,,,,,,,,,,,,,,,,,,,,,,,,,N-Channel,60 V,60 A,5 V,10 V,"0.014 R @ 30 A, 10 V",1 V @ 250 uA,66 nC @ 4.5 V,±15 V,2000 pF @ 25 V,,110 W,Automotive,,,,,,,,,,,,,,,,,,,,,,,,,,,,,,,,,,,,,,,,,,,,,,,,,,,,,,,,,,,,,,,,,,,,,,,,,,[''],,,,,,,,,,,,,,,,,,,,,,,,,,,,,,,,,,,,,,,,,,,,,,,,,,,,,,,,,,,,,,,,,,,,,,,,,,,,,,,,,,,,,,,,,,,,,,,,,,,,,,,,,,,,,,,,,,,,,,,,,,,,,,,,,,,,,,,,,,,
NVMFD6H846NLT1G,16,NVMFD6H846,SemiBox,,,,,,,,,,,,,,,,,,-55 °C to 175 °C,SMD,DFN8 5x6 (SO8FL),ON Semiconductor,YES,"MOSFET – Power, Dual N-Channel 80 V, 15 mΩ, 31 A",https://www.onsemi.com/pdf/datasheet/nvmfd6h846nl-d.pdf,02,03,01,03,001,DMT-02030103001,,,,,,,,,,,,,,,,,,,,,,,,,,,,,,,,,,,,,,,,,,,,AEC-Q101,,,,,,,,,,,,MOSFET,,,,,,,,,,,,,,,,,,,,,,,,,,,,,N-Channel,80 V,9.4 A,4.5 V,10 V,"0.0151 R @ 5 A, 4.5 V",2 V @ 21 uA,17 nC @ 10 V,±20 V,900 pF @ 40 V,"Small Footprint, Low RDS(on), Low QG, Wettable Flank Option, AEC-Q101 Qualified, Pb-Free, RoHS",34 W,Automotive,,,,,,,,,,,,,,,,,,,,,,,,,,,,,,,,,,,,,,,,,,,,,,,,,,,,,,,,,,,,,,,,,,,,,,,,,,[''],,,,,,,,,,,,,,,,,,,,,,,,,,,,,,,,,,,,,,,,,,,,,,,,,,,,,,,,,,,,,,,,,,,,,,,,,,,,,,,,,,,,,,,,,,,,,,,,,,,,,,,,,,,,,,,,,,,,,,,,,,,,,,,,,,,,,,,,,,,
BSS138LT1G,80,BSS138,SemiBox,,,,,,,,,,,,,,,,,,-55 °C to 150 °C,SMD,SOT-23 (TO-236),ON Semiconductor,YES,"200 mA, 50 V MOSFET – Power, N-Channel, SOT-23",https://www.onsemi.com/download/data-sheet/pdf/bss138lt1-d.pdf,02,03,01,01,001,DMT-02030101001,,,,,,,,,,,,,,,,,,,,,,,,,,,,,,,,,,,,,,,,,,,,,,,,,,,,,,,,MOSFET,,,,,,,,,,,,,,,,,,,,,,,,,,,,,N-Channel,50 V,200 mA,5 V,5 V,"3.5 R @ 200 mA, 5 V",1.5 V @ 1 mA,50 pF @ 25 V,±20 V,40 pF @ 25 V,"Low Threshold Voltage, Miniature SOT-23, Halogen Free/BFR Free, RoHS Compliant",225 mW,,,,,,,,,,,,,,,,,,,,,,,,,,,,,,,,,,,,,,,,,,,,,,,,,,,,,,,,,,,,,,,,,,,,,,,,,,,[''],,,,,,,,,,,,,,,,,,,,,,,,,,,,,,,,,,,,,,,,,,,,,,,,,,,,,,,,,,,,,,,,,,,,,,,,,,,,,,,,,,,,,,,,,,,,,,,,,,,,,,,,,,,,,,,,,,,,,,,,,,,,,,,,,,,,,,,,,,,
SiR414DP-T1-GE3,107,SiR414DP,SemiBox,,,,,,,,,,,,,,,,,,-55 °C to 150 °C,SMD,PowerPAK® SO-8 Single,Vishay,YES,N-Channel 40 V 50A (D-S) MOSFET,https://www.vishay.com/docs/64727/sir414dp.pdf,02,03,01,99,001,DMT-02030199001,,,,,,,,,,,,,,,,,,,,,,,,,,,,,,,,,,,,,,,,,,,,,,,,,,,,,,,,MOSFET,,,,,,,,,,,,,,,,,,,,,,,,,,,,,N-Channel,40 V,50 A,4.5 V,10 V,"0.0028 R @ 20 A, 10 V",2.5 V @ 250 uA,117nC @ 10 V,±20 V,4750 pF @ 20 V,TrenchFET® power MOSFET,83 W,,,,,,,,,,,,,,,,,,,,,,,,,,,,,,,,,,,,,,,,,,,,,,,,,,,,,,,,,,,,,,,,,,,,,,,,,,,[''],,,,,,,,,,,,,,,,,,,,,,,,,,,,,,,,,,,,,,,,,,,,,,,,,,,,,,,,,,,,,,,,,,,,,,,,,,,,,,,,,,,,,,,,,,,,,,,,,,,,,,,,,,,,,,,,,,,,,,,,,,,,,,,,,,,,,,,,,,,
2N7002DW-7-F,184,2N7002DW,SemiBox,,,,,,,,,,,,,,,,,,-55 °C to 150 °C,SMD,SOT-363,Infineon Technologies AG,YES,OptiMOS™ Small-Signal-Transistor,https://www.diodes.com/assets/Datasheets/2N7002DW.pdf,02,03,01,99,002,DMT-02030199002,,,,,,,,,,,,,,,,,,,,,,,,,,,,,,,,,,,,,,,,,,,,,,,,,,,,,,,,MOSFET,,,,,,,,,,,,,,,,,,,,,,,,,,,,,N-Channel,60 V,230 mA,4.5 V,10 V,"7.5 R @ 230 mA, 5 V",2 V @ 250 uA,,±20 V,22 pF @ 25 V,"Dual N-channel, Enhancement mode, Logic level, Avalanche rated, Fast switching, AEC Q101 qualified, RoHS compliant, Halogen-free",0.5 W,,,,,,,,,,,,,,,,,,,,,,,,,,,,,,,,,,,,,,,,,,,,,,,,,,,,,,,,,,,,,,,,,,,,,,,,,,,[''],,,,,,,,,,,,,,,,,,,,,,,,,,,,,,,,,,,,,,,,,,,,,,,,,,,,,,,,,,,,,,,,,,,,,,,,,,,,,,,,,,,,,,,,,,,,,,,,,,,,,,,,,,,,,,,,,,,,,,,,,,,,,,,,,,,,,,,,,,,
NVMFS5C604NLWFT1G,5,NVMFS5C604,SemiBox,,,,,,,,,,,,,,,,,,-55 °C to 175 °C,SMD,5-DFN (5x6) (8-SOFL),ON semiconductor,YES,"Power, Single N-Channel 60 V, 1.2 m, 287 A",https://www.onsemi.com/pdf/datasheet/nvmfs5c604nl-d.pdf,02,03,01,03,002,DMT-02030103002,,,,,,,,,,,,,,,,,,,,,,,,,,,,,,,,,,,,,,,,,,,,AEC-Q101,,,,,,,,,,,,MOSFET,,,,,,,,,,,,,,,,,,,,,,,,,,,,,N-Channel,60 V,40 A,4.5 V,10 V,"0.0012 R @ 50 A, 10 V",2.0 V @ 250 uA,120 nC @ 10 V,±20 V,8900 pF @ 25 V,Small Footprint (5x6 mm) for Compact Design; Low RDS(on) to Minimize Conduction Losses; Low QG and Capacitance to Minimize Driver Losses; Wettable Flank Option for Enhanced Optical Inspection; AEC‑Q101 Qualified and PPAP Capable; Pb‑Free and RoHS Compliant,200 W,AEC-Q101,,,,,,,,,,,,,,,,,,,,,,,,,,,,,,,,,,,,,,,,,,,,,,,,,,,,,,,,,,,,,,,,,,,,,,,,,,[''],,,,,,,,,,,,,,,,,,,,,,,,,,,,,,,,,,,,,,,,,,,,,,,,,,,,,,,,,,,,,,,,,,,,,,,,,,,,,,,,,,,,,,,,,,,,,,,,,,,,,,,,,,,,,,,,,,,,,,,,,,,,,,,,,,,,,,,,,,,
SQ2315ES-T1-GE3,6000,SQ2315ES,SemiBox,,,,,,,,,,,,,,,,,,-55 °C to 150 °C,SMD,SOT-23,Vishay,YES,Automotive P-Channel 12 V (D-S) 175 °C MOSFET,https://www.vishay.com/docs/71507/sq2315es.pdf,02,03,01,01,002,DMT-02030101002,,,,,,,,,,,,,,,,,,,,,,,,,,,,,,,,,,,,,,,,,,,,AEC-Q101,,,,,,,,,,,,MOSFET,,,,,,,,,,,,,,,,,,,,,,,,,,,,,P-Channel,-12 V,-5 A,-1.8 V,-4.5 V,"0.050 R @ -3.5 A, -10 V",-1 V @ -0.25 mA,13 nC @ -4.5 V,±8 V,870 pF @ -4 V,TrenchFET power MOSFET,2 W,Automotive,,,,,,,,,,,,,,,,,,,,,,,,,,,,,,,,,,,,,,,,,,,,,,,,,,,,,,,,,,,,,,,,,,,,,,,,,,[''],,,,,,,,,,,,,,,,,,,,,,,,,,,,,,,,,,,,,,,,,,,,,,,,,,,,,,,,,,,,,,,,,,,,,,,,,,,,,,,,,,,,,,,,,,,,,,,,,,,,,,,,,,,,,,,,,,,,,,,,,,,,,,,,,,,,,,,,,,,
DMP3013SFV-7,0,DMP3013SFV,SemiBox,,,,,,,,,,,,,,,,,,-55 °C to 150 °C,SMD,PowerDI3333-8 (Type UX),Diodes Incorporated,YES,P-Channel MOSFET,https://www.diodes.com/assets/Datasheets/DMP3013SFV.pdf,02,03,01,99,003,DMT-02030199003,,,,,,,,,,,,,,,,,,,,,,,,,,,,,,,,,,,,,,,,,,,,,,,,,,,,,,,,MOSFET,,,,,,,,,,,,,,,,,,,,,,,,,,,,,P-Channel,-30 V,-12 A,-4.5 V,-10 V,"0.0095 R @ -11.5 A, -10 V",-3.0 V @ -0.25 mA,33.7 nC @ -10 V,±25 V,1674 pF @ -15 V,Low RDS(ON); ESD Protected Gate,31 W,,,,,,,,,,,,,,,,,,,,,,,,,,,,,,,,,,,,,,,,,,,,,,,,,,,,,,,,,,,,,,,,,,,,,,,,,,,[''],,,,,,,,,,,,,,,,,,,,,,,,,,,,,,,,,,,,,,,,,,,,,,,,,,,,,,,,,,,,,,,,,,,,,,,,,,,,,,,,,,,,,,,,,,,,,,,,,,,,,,,,,,,,,,,,,,,,,,,,,,,,,,,,,,,,,,,,,,,
BSZ065N06LS5ATMA1,0,BSZ065N06LS5,SemiBox,,,,,,,,,,,,,,,,,,-55 °C to 150 °C,SMD,8-PowerTDFN,Infineon Technologies AG,YES,N-Channel 60 V 40A (Tc) 46W (Tc) Surface Mount PG-TSDSON-8-FL,,02,03,01,99,004,DMT-02030199004,,,,,,,,,,,,,,,,,,,,,,,,,,,,,,,,,,,,,,,,,,,,,,,,,,,,,,,,MOSFET,,,,,,,,,,,,,,,,,,,,,,,,,,,,,N-Channel,60 V,40 A,4.5 V,10 V,"0.0065 R @ 20 A, 10 V",2.3 V @ 20 uA,13 nC @ 4.5 V,±20 V,1800 pF @ 30 V,,46 W,,,,,,,,,,,,,,,,,,,,,,,,,,,,,,,,,,,,,,,,,,,,,,,,,,,,,,,,,,,,,,,,,,,,,,,,,,,[''],,,,,,,,,,,,,,,,,,,,,,,,,,,,,,,,,,,,,,,,,,,,,,,,,,,,,,,,,,,,,,,,,,,,,,,,,,,,,,,,,,,,,,,,,,,,,,,,,,,,,,,,,,,,,,,,,,,,,,,,,,,,,,,,,,,,,,,,,,,
TS170R1H272KSBBA0R,,2.7nF 50V,RLC-Box,,,,,,,,,,,,,,,,,,-55 °C to 125 °C,THT,Radial Leaded,Suntan,YES,Multilayer Ceramic Capacitor,https://www.farnell.com/datasheets/2622414.pdf,01,01,01,01,001,DMT-01010101001,,,,,,,,,,,,,,,,,,,,,,,,,,,,,,,,,,,,,,,,,,,,,,,,,,,,,,,,,,,,,,,,,,10%,,,,,,,,,,,,,,,,,,,,,,,,,,,,,,,,,,,,,,,,,,,,,,,,,,,,,,,,,,,,,,,,,,,,,,,,,,,,,,,,,,,2.7 nF,50 V,X7R,,,,,,,,,,,,,,,,,,,,[''],,,,,,,,,,,,,,,,,,,,,,,,,,,,,,,,,,,,,,,,,,,,,,,,,,,,,,,,,,,,,,,,,,,,,,,,,,,,,,,,,,,,,,,,,,,,,,,,,,,,,,,,,,,,,,,,,,,,,,,,,,,,,,,,,,,,,,,,,,,
C3216X7R1C106K160AC,,10uF 16V,RLC-Box,,,,,,,,,,,,,,,,,,-55 °C to 125 °C,SMD,1206,TDK Corporation,YES,Multilayer Ceramic Capacitor,https://product.tdk.com/system/files/dam/doc/product/capacitor/ceramic/mlcc/catalog/mlcc_commercial_general_en.pdf,01,01,01,01,002,DMT-01010101002,,,,,,,,,,,,,,,,,,,,,,,,,,,,,,,,,,,,,,,,,,,,,,,,,,,,,,,,,,,,,,,,,,10%,,,,,,,,,,,,,,,,,,,,,,,,,,,,,,,,,,,,,,,,,,,,,,,,,,,,,,,,,,,,,,,,,,,,,,,,,,,,,,,,,,,10 uF,16 V,X7R,,,,,,,,,,,,,,,,,,,,[''],,,,,,,,,,,,,,,,,,,,,,,,,,,,,,,,,,,,,,,,,,,,,,,,,,,,,,,,,,,,,,,,,,,,,,,,,,,,,,,,,,,,,,,,,,,,,,,,,,,,,,,,,,,,,,,,,,,,,,,,,,,,,,,,,,,,,,,,,,,
GCJ21BR71C475KA01L,,4.7uF 16V,RLC-Box,,,,,,,,,,,,,,,,,,-55 °C to 125 °C,SMD,0805,Murata Electronics,YES,Multilayer Ceramic Capacitor,https://www.farnell.com/datasheets/2356131.pdf,01,01,01,01,003,DMT-01010101003,,,,,,,,,,,,,,,,,,,,,,,,,,,,,,,,,,,,,,,,,,,,AEC-Q200,,,,,,,,,,,,,,,,,,,,,,10%,,,,,,,,,,,,,,,,,,,,,,,,,,,,,,,,,,,,,,,,,,,,,,,,,,,,,,,,,,,,,,,,,,,,,,,,,,,,,,,,,,"Automotive, Boardflex Sensitive",4.7 uF,16 V,X7R,,,,,,,,,,,,,,,,,,,,[''],,,,,,,,,,,,,,,,,,,,,,,,,,,,,,,,,,,,,,,,,,,,,,,,,,,,,,,,,,,,,,,,,,,,,,,,,,,,,,,,,,,,,,,,,,,,,,,,,,,,,,,,,,,,,,,,,,,,,,,,,,,,,,,,,,,,,,,,,,,
K472J20C0GK63H5H,,4.7nF 200V,RLC-Box,,,,,,,,,,,,,,,,,,-55 °C to 175 °C,THT,Radial leaded,Vishay,YES,Multilayer Ceramic Capacitor,https://mm.digikey.com/Volume0/opasdata/d220001/medias/docus/2313/K...H_HOTcap_Series_ds.pdf,01,01,01,02,001,DMT-01010102001,,,,,,,,,,,,,,,,,,,,,,,,,,,,,,,,,,,,,,,,,,,,AEC-Q200,,,,,,,,,,,,,,,,,,,,,,5%,,,,,,,,,,,,,,,,,,,,,,,,,,,,,,,,,,,,,,,,,,,,,,,,,,,,,,,,,,,,,,,,,,,,,,,,,,,,,,,,,,Automotive,4.7 nF,200 V,COG,,,,,,,,,,,,,,,,,,,,[''],,,,,,,,,,,,,,,,,,,,,,,,,,,,,,,,,,,,,,,,,,,,,,,,,,,,,,,,,,,,,,,,,,,,,,,,,,,,,,,,,,,,,,,,,,,,,,,,,,,,,,,,,,,,,,,,,,,,,,,,,,,,,,,,,,,,,,,,,,,
C0402C104M4RACAUTO,,100nF 16V,RLC-Box,,,,,,,,,,,,,,,,,,-55 °C to 125 °C,SMD,0402,Kemet,YES,Multilayer Ceramic Capacitor,https://content.kemet.com/datasheets/KEM_C1023_X7R_AUTO_SMD.pdf,01,01,01,01,004,DMT-01010101004,,,,,,,,,,,,,,,,,,,,,,,,,,,,,,,,,,,,,,,,,,,,AEC-Q200,,,,,,,,,,,,,,,,,,,,,,20%,,,,,,,,,,,,,,,,,,,,,,,,,,,,,,,,,,,,,,,,,,,,,,,,,,,,,,,,,,,,,,,,,,,,,,,,,,,,,,,,,,"Automotive, Bypass, Decoupling",100 nF,16 V,X7R,,,,,,,,,,,,,,,,,,,,[''],,,,,,,,,,,,,,,,,,,,,,,,,,,,,,,,,,,,,,,,,,,,,,,,,,,,,,,,,,,,,,,,,,,,,,,,,,,,,,,,,,,,,,,,,,,,,,,,,,,,,,,,,,,,,,,,,,,,,,,,,,,,,,,,,,,,,,,,,,,
K471J15C0GF53L2,,470pF 50V,RLC-Box,,,,,,,,,,,,,,,,,,-55 °C to 125 °C,THT,Radial Leaded,Vishay,YES,Multilayer Ceramic Capacitor,https://www.waldom.com/upload/parts/datasheets/mf-vis/vis-k471j15c0gf53l2.pdf,01,01,01,02,002,DMT-01010102002,,,,,,,,,,,,,,,,,,,,,,,,,,,,,,,,,,,,,,,,,,,,,,,,,,,,,,,,,,,,,,,,,,5%,,,,,,,,,,,,,,,,,,,,,,,,,,,,,,,,,,,,,,,,,,,,,,,,,,,,,,,,,,,,,,,,,,,,,,,,,,,,,,,,,,,470 pF,50 V,C0G,,,,,,,,,,,,,,,,,,,,[''],,,,,,,,,,,,,,,,,,,,,,,,,,,,,,,,,,,,,,,,,,,,,,,,,,,,,,,,,,,,,,,,,,,,,,,,,,,,,,,,,,,,,,,,,,,,,,,,,,,,,,,,,,,,,,,,,,,,,,,,,,,,,,,,,,,,,,,,,,,
GCM21BR71A106KE22L,,10uF 10V,RLC-Box,,,,,,,,,,,,,,,,,,-55 °C to 125 °C,SMD,0805,Murata Electronics,YES,Multilayer Ceramic Capacitor,https://search.murata.co.jp/Ceramy/image/img/A01X/G101/ENG/GCM21BR71A106KE22-01.pdf,01,01,01,01,005,DMT-01010101005,,,,,,,,,,,,,,,,,,,,,,,,,,,,,,,,,,,,,,,,,,,,AEC-Q200,,,,,,,,,,,,,,,,,,,,,,10%,,,,,,,,,,,,,,,,,,,,,,,,,,,,,,,,,,,,,,,,,,,,,,,,,,,,,,,,,,,,,,,,,,,,,,,,,,,,,,,,,,Automotive,10 uF,10 V,X7R,,,,,,,,,,,,,,,,,,,,[''],,,,,,,,,,,,,,,,,,,,,,,,,,,,,,,,,,,,,,,,,,,,,,,,,,,,,,,,,,,,,,,,,,,,,,,,,,,,,,,,,,,,,,,,,,,,,,,,,,,,,,,,,,,,,,,,,,,,,,,,,,,,,,,,,,,,,,,,,,,
C3216X7R2A104K160AA,,100nF 100V,RLC-Box,,,,,,,,,,,,,,,,,,-55 °C to 125 °C,SMD,1206,TDK Corporation,YES,Multilayer Ceramic Capacitor,https://www.farnell.com/datasheets/4526215.pdf,01,01,01,01,006,DMT-01010101006,,,,,,,,,,,,,,,,,,,,,,,,,,,,,,,,,,,,,,,,,,,,,,,,,,,,,,,,,,,,,,,,,,10%,,,,,,,,,,,,,,,,,,,,,,,,,,,,,,,,,,,,,,,,,,,,,,,,,,,,,,,,,,,,,,,,,,,,,,,,,,,,,,,,,,,100 nF,100 V,X7R,,,,,,,,,,,,,,,,,,,,[''],,,,,,,,,,,,,,,,,,,,,,,,,,,,,,,,,,,,,,,,,,,,,,,,,,,,,,,,,,,,,,,,,,,,,,,,,,,,,,,,,,,,,,,,,,,,,,,,,,,,,,,,,,,,,,,,,,,,,,,,,,,,,,,,,,,,,,,,,,,
C1206C334K5RACTU,,330nF 50V,RLC-Box,,,,,,,,,,,,,,,,,,-55 °C to 125 °C,SMD,1206,Kemet,YES,Multilayer Ceramic Capacitor,https://content.kemet.com/datasheets/KEM_C1002_X7R_SMD.pdf,01,01,01,01,007,DMT-01010101007,,,,,,,,,,,,,,,,,,,,,,,,,,,,,,,,,,,,,,,,,,,,,,,,,,,,,,,,,,,,,,,,,,10%,,,,,,,,,,,,,,,,,,,,,,,,,,,,,,,,,,,,,,,,,,,,,,,,,,,,,,,,,,,,,,,,,,,,,,,,,,,,,,,,,,,330 nF,50 V,X7R,,,,,,,,,,,,,,,,,,,,[''],,,,,,,,,,,,,,,,,,,,,,,,,,,,,,,,,,,,,,,,,,,,,,,,,,,,,,,,,,,,,,,,,,,,,,,,,,,,,,,,,,,,,,,,,,,,,,,,,,,,,,,,,,,,,,,,,,,,,,,,,,,,,,,,,,,,,,,,,,,
C0603C333K5RACTU,,33nF 50V,RLC-Box,,,,,,,,,,,,,,,,,,-55 °C to 125 °C,SMD,0603,Kemet,YES,Multilayer Ceramic Capacitor,https://content.kemet.com/datasheets/KEM_C1002_X7R_SMD.pdf,01,01,01,01,008,DMT-01010101008,,,,,,,,,,,,,,,,,,,,,,,,,,,,,,,,,,,,,,,,,,,,,,,,,,,,,,,,,,,,,,,,,,10%,,,,,,,,,,,,,,,,,,,,,,,,,,,,,,,,,,,,,,,,,,,,,,,,,,,,,,,,,,,,,,,,,,,,,,,,,,,,,,,,,,,33 nF,50 V,X7R,,,,,,,,,,,,,,,,,,,,[''],,,,,,,,,,,,,,,,,,,,,,,,,,,,,,,,,,,,,,,,,,,,,,,,,,,,,,,,,,,,,,,,,,,,,,,,,,,,,,,,,,,,,,,,,,,,,,,,,,,,,,,,,,,,,,,,,,,,,,,,,,,,,,,,,,,,,,,,,,,
08056C106KAT4A,,10uF 6.3V,RLC-Box,,,,,,,,,,,,,,,,,,-55 °C to 125 °C,SMD,0805,Kyocera,YES,Multilayer Ceramic Capacitor,https://datasheets.kyocera-avx.com/X7RDielectric.pdf,01,01,01,01,009,DMT-01010101009,,,,,,,,,,,,,,,,,,,,,,,,,,,,,,,,,,,,,,,,,,,,,,,,,,,,,,,,,,,,,,,,,,10%,,,,,,,,,,,,,,,,,,,,,,,,,,,,,,,,,,,,,,,,,,,,,,,,,,,,,,,,,,,,,,,,,,,,,,,,,,,,,,,,,,,10 uF,6.3 V,X7R,,,,,,,,,,,,,,,,,,,,[''],,,,,,,,,,,,,,,,,,,,,,,,,,,,,,,,,,,,,,,,,,,,,,,,,,,,,,,,,,,,,,,,,,,,,,,,,,,,,,,,,,,,,,,,,,,,,,,,,,,,,,,,,,,,,,,,,,,,,,,,,,,,,,,,,,,,,,,,,,,
TS170R1H152KSBBA0R,,1.5nF 50V,RLC-Box,,,,,,,,,,,,,,,,,,-55 °C to 125 °C,THT,Radial Leaded,Suntan,YES,Multilayer Ceramic Capacitor,https://www.farnell.com/datasheets/2622414.pdf,01,01,01,02,003,DMT-01010102003,,,,,,,,,,,,,,,,,,,,,,,,,,,,,,,,,,,,,,,,,,,,,,,,,,,,,,,,,,,,,,,,,,10%,,,,,,,,,,,,,,,,,,,,,,,,,,,,,,,,,,,,,,,,,,,,,,,,,,,,,,,,,,,,,,,,,,,,,,,,,,,,,,,,,,,1.5 nF,50 V,C0G,,,,,,,,,,,,,,,,,,,,[''],,,,,,,,,,,,,,,,,,,,,,,,,,,,,,,,,,,,,,,,,,,,,,,,,,,,,,,,,,,,,,,,,,,,,,,,,,,,,,,,,,,,,,,,,,,,,,,,,,,,,,,,,,,,,,,,,,,,,,,,,,,,,,,,,,,,,,,,,,,
NRS4018T1R0NDGJV,,1uH 3.2A,RLC-Box,,,,,,,,,,,,,,,,,,-40 °C to 125 °C,SMD,4.00mm x 4.00mm,Taiyo Yuden,YES,Fixed Inductors,https://mm.digikey.com/Volume0/opasdata/d220001/medias/docus/7087/NR-H-S-V%20Datasheet.pdf,01,03,01,01,001,DMT-01030101001,,,,,,,,,,,,,,,,,,,,"Drum Core, Wirewound",,,,,,,,,,,,,,,,,,,,,,,,AEC-Q200,,,Shielded,,,,,,,,,,,,,,,,,Ferrite,1 uH,30%,3.2 A,4:00 AM,0.0324 R,,90 MHz,100 kHz,,,,,,,,,,,,,,,,,,,,,,,,,,,,,,,,,,,,,,,,,,,,,,,,,,,,,,,,,,,,,,,,,,,,,,,,,,,,,,,,,,,,,,,,,,,,,,,,,,,[''],,,,,,,,,,,,,,,,,,,,,,,,,,,,,,,,,,,,,,,,,,,,,,,,,,,,,,,,,,,,,,,,,,,,,,,,,,,,,,,,,,,,,,,,,,,,,,,,,,,,,,,,,,,,,,,,,,,,,,,,,,,,,,,,,,,,,,,,,,,
MPZ1608S601ATA00,,MPZ1608S601,RLC-Box,,,,,,,,,,,,,,,,,,-55 °C to 125 °C,SMD,0603,TDK Corporation,YES,Ferrite Bead,https://www.farnell.com/datasheets/84903.pdf,01,04,01,01,001,DMT-01040101001,,,,,,,,,,,,,,,,,,,,,,,,,,,,,,,,,,,,,,,,,,,,,,,,,,,,,,,,,,,,,,,,,,,,,,,,,,,,,,,,,,,,,,,,,,,,,,,,,,Power Line,1,600 R @ 100 MHz,1 A,0.150 R,,,,,,,,,,,,,,,,,,,,,,,,,,,,,,,,,,,,,,,,,,,,,,,,,,,,,,,,,,,,,,,,,,,,,[''],,,,,,,,,,,,,,,,,,,,,,,,,,,,,,,,,,,,,,,,,,,,,,,,,,,,,,,,,,,,,,,,,,,,,,,,,,,,,,,,,,,,,,,,,,,,,,,,,,,,,,,,,,,,,,,,,,,,,,,,,,,,,,,,,,,,,,,,,,,
BLM21PG221SH1D,,BLM21PG221,RLC-Box,,,,,,,,,,,,,,,,,,-55 °C to 125 °C,SMD,0805,Murata Electronics,YES,Ferrite Bead,https://www.murata.com/products/productdata/8796740354078/QNFA9102.pdf,01,04,01,01,002,DMT-01040101002,,,,,,,,,,,,,,,,,,,,,,,,,,,,,,,,,,,,,,,,,,,,AEC-Q200,,,,,,,,,,,,,,,,,,,,,,,,,,,,,,,,,,,,,,,,,,,,,,,,,,,,,,Power Line,1,220 R @ 100 MHz,2 A,0.045 R,,,,,,,,,,,,,,,,,,,,,,,,,,,,,,,,,,,,,,,,,,,,,,,,,,,,,,,,,,,,,,,,,,,,,[''],,,,,,,,,,,,,,,,,,,,,,,,,,,,,,,,,,,,,,,,,,,,,,,,,,,,,,,,,,,,,,,,,,,,,,,,,,,,,,,,,,,,,,,,,,,,,,,,,,,,,,,,,,,,,,,,,,,,,,,,,,,,,,,,,,,,,,,,,,,
742792023,,742792023,RLC-Box,,,,,,,,,,,,,,,,,,-55 °C to 125 °C,SMD,0805,Würth Elektronik,YES,Ferrite Bead,https://www.farnell.com/datasheets/1919974.pdf,01,04,01,01,003,DMT-01040101003,,,,,,,,,,,,,,,,,,,,,,,,,,,,,,,,,,,,,,,,,,,,,,,,,,,,,,,,,,,,,,,,,,,,,,,,,,,,,,,,,,,,,,,,,,,,,,,,,,Signal Line,1,120 R @ 100 MHz,3 A,0.030 R,,,,,,,,,,,,,,,,,,,,,,,,,,,,,,,,,,,,,,,,,,,,,,,,,,,,,,,,,,,,,,,,,,,,,[''],,,,,,,,,,,,,,,,,,,,,,,,,,,,,,,,,,,,,,,,,,,,,,,,,,,,,,,,,,,,,,,,,,,,,,,,,,,,,,,,,,,,,,,,,,,,,,,,,,,,,,,,,,,,,,,,,,,,,,,,,,,,,,,,,,,,,,,,,,,
MPZ1608S601ATA00,,MPZ1608S601,RLC-Box,,,,,,,,,,,,,,,,,,-55 °C to 125 °C,SMD,0603,TDK Corporation,YES,Ferrite Bead,https://product.tdk.com/system/files/dam/doc/product/emc/emc/beads/catalog/beads_commercial_power_mpz1608_en.pdf,01,04,01,01,004,DMT-01040101004,,,,,,,,,,,,,,,,,,,,,,,,,,,,,,,,,,,,,,,,,,,,,,,,,,,,,,,,,,,,,,,,,,,,,,,,,,,,,,,,,,,,,,,,,,,,,,,,,,Power Line,1,600 R @ 100 MHz,1 A,0.150 R,,,,,,,,,,,,,,,,,,,,,,,,,,,,,,,,,,,,,,,,,,,,,,,,,,,,,,,,,,,,,,,,,,,,,[''],,,,,,,,,,,,,,,,,,,,,,,,,,,,,,,,,,,,,,,,,,,,,,,,,,,,,,,,,,,,,,,,,,,,,,,,,,,,,,,,,,,,,,,,,,,,,,,,,,,,,,,,,,,,,,,,,,,,,,,,,,,,,,,,,,,,,,,,,,,
ACT1210L-201-2P-TL00,,ACT1210L-201-2P,RLC-Box,,,,,,,,,,,,,,,,,,-40 °C to 125 °C,SMD,0603,TDK Corporation,YES,Common Mode Choke,https://product.tdk.com/en/system/files/dam/doc/product/emc/emc/cmf_cmc/catalog/cmf_automotive_signal_act1210l-201_en.pdf,01,04,02,01,001,DMT-01040201001,,,,,,,,,,,,,,,,,,,,,,,,,,,,,,,,,,,,,,,,,,,,AEC-Q200,,,,,,,,,,,,,,,,,,,,,,,,,,,,,,,,,,,,,,,,,,,,,,,,,,,,,,Signal Line,2,200 uH @ 100 kHz,70 mA,5.5 Ω,,,,,,,,,,,,,,,,,,,,,,,,,,,,,,,,,,,,,,,,,,,,,,,,,,,,,,,,,,,,,,,,,,,,,[''],,,,,,,,,,,,,,,,,,,,,,,,,,,,,,,,,,,,,,,,,,,,,,,,,,,,,,,,,,,,,,,,,,,,,,,,,,,,,,,,,,,,,,,,,,,,,,,,,,,,,,,,,,,,,,,,,,,,,,,,,,,,,,,,,,,,,,,,,,,
BLM18KG221SH1D,,BLM18KG221,RLC-Box,,,,,,,,,,,,,,,,,,-55 °C to 125 °C,,0603,Murata Electronics,YES,Ferrite Bead,https://www.murata.com/en-us/products/productdata/8796737273886/QNFA9101.pdf,01,04,01,01,005,DMT-01040101005,,,,,,,,,,,,,,,,,,,,,,,,,,,,,,,,,,,,,,,,,,,,AEC-Q200,,,,,,,,,,,,,,,,,,,,,,,,,,,,,,,,,,,,,,,,,,,,,,,,,,,,,,Power Line,1,220 Ohms @ 100 MHz,2.2 A,0.050 Ω,,,,,,,,,,,,,,,,,,,,,,,,,,,,,,,,,,,,,,,,,,,,,,,,,,,,,,,,,,,,,,,,,,,,,[''],,,,,,,,,,,,,,,,,,,,,,,,,,,,,,,,,,,,,,,,,,,,,,,,,,,,,,,,,,,,,,,,,,,,,,,,,,,,,,,,,,,,,,,,,,,,,,,,,,,,,,,,,,,,,,,,,,,,,,,,,,,,,,,,,,,,,,,,,,,
LQM2MPN2R2MG0L,,2.2uH 1.2A,RLC-Box,,,,,,,,,,,,,,,,,,-55 °C to 125 °C,SMD,0806,Murata Electronics,YES,Fixed Inductors,https://www.farnell.com/datasheets/3006839.pdf,01,03,01,01,002,DMT-01030101002,,,,,,,,,,,,,,,,,,,,Multilayer,,,,,,,,,,,,,,,,,,,,,,,,,,,Shielded,,,,,,,,,,,,,,,,,Ferrite,2.2 uH,20%,1.2 A,,0.138 Ω,,40 MHz,1 MHz,,,,,,,,,,,,,,,,,,,,,,,,,,,,,,,,,,,,,,,,,,,,,,,,,,,,,,,,,,,,,,,,,,,,,,,,,,,,,,,,,,,,,,,,,,,,,,,,,,,[''],,,,,,,,,,,,,,,,,,,,,,,,,,,,,,,,,,,,,,,,,,,,,,,,,,,,,,,,,,,,,,,,,,,,,,,,,,,,,,,,,,,,,,,,,,,,,,,,,,,,,,,,,,,,,,,,,,,,,,,,,,,,,,,,,,,,,,,,,,,
CLF10060NIT-101M-D,,100uH 1.35A,RLC-Box,,,,,,,,,,,,,,,,,,-55 °C to 150 °C,SMD,10.10mm x 10.00mm,TDK Corporation,YES,Fixed Inductors,https://product.tdk.com/en/system/files/dam/doc/product/inductor/inductor/smd/catalog/inductor_automotive_power_clf10060ni-d_en.pdf,01,03,01,01,003,DMT-01030101003,,,,,,,,,,,,,,,,,,,,"Drum Core, Wirewound",,,,,,,,,,,,,,,,,,,,,,,,AEC-Q200,,,Shielded,,,,,,,,,,,,,,,,,Ferrite,100 uH,20%,1.35 A,1.35 A,0.180R,,,100 kHz,,,,,,,,,,,,,,,,,,,,,,,,,,,,,,,,,,,,,,,,,,,,,,,,,,,,,,,,,,,,,,,,,,,,,,,,,,,,,,,,,,,,,,,,,,,,,,,,,,,[''],,,,,,,,,,,,,,,,,,,,,,,,,,,,,,,,,,,,,,,,,,,,,,,,,,,,,,,,,,,,,,,,,,,,,,,,,,,,,,,,,,,,,,,,,,,,,,,,,,,,,,,,,,,,,,,,,,,,,,,,,,,,,,,,,,,,,,,,,,,
EEE-FT0J331AP,,330uF 6.3V,RLC-Box,,,,,,,,,,,,,,,,,,-55 °C to 105 °C,SMD,6.60mm x 6.60mm,Panasonic Electronic Components,YES,Aluminum Electrolytic Capacitors,https://industrial.panasonic.com/cdbs/www-data/pdf/RDE0000/ABA0000C1240.pdf,01,01,02,01,001,DMT-01010201001,,,,,,,,,,,,,,,,,,,,,,,,,,,,,,,,,,,,,,,,,,,,AEC-Q200,,,,,,,,,,,,,,,,,,,,,,20%,,,,,,,,,,,,,,,,,,,,,,,,,,,,,,,,,,,,,,,,,,,,,,,,,,,,,,,,,,,,,,,,,,,,,,,,,,,,,,,,,,Automotive,330 uF,6.3 V,,0.26 R @ 100 kHz,195 mA @ 120 Hz,300 mA @ 100 kHz,,,,,,,,,,,,,,,,,[''],,,,,,,,,,,,,,,,,,,,,,,,,,,,,,,,,,,,,,,,,,,,,,,,,,,,,,,,,,,,,,,,,,,,,,,,,,,,,,,,,,,,,,,,,,,,,,,,,,,,,,,,,,,,,,,,,,,,,,,,,,,,,,,,,,,,,,,,,,,
TR3D107K010C0080,,100uF 10V,RLC-Box,,,,,,,,,,,,,,,,,,-55 °C to 125 °C,SMD,2917,Vishay,YES,Tantalum Capacitors,https://www.vishay.com/docs/40080/tr3.pdf,01,01,03,01,001,DMT-01010301001,,,,,,,,,,,,,,,,,,,,,,,,,,,,,,,,,,,,,,,,,,,,,,,,,,,,,,,,,,,,,,,,,,10%,,,,,,,,,,,,,,,,,,,,,,,,,,,,,,,,,,,,,,,,,,,,,,,,,,,,,,,,,,,,,,,,,,,,,,,,,,,,,,,,,,,100 uF,10 V,,0.080R @ 100 kHz,,,,,,,,,,,,,,,,,,,[''],,,,,,,,,,,,,,,,,,,,,,,,,,,,,,,,,,,,,,,,,,,,,,,,,,,,,,,,,,,,,,,,,,,,,,,,,,,,,,,,,,,,,,,,,,,,,,,,,,,,,,,,,,,,,,,,,,,,,,,,,,,,,,,,,,,,,,,,,,,
EEE-FT1H331AP,200,330uF 50V,RLC-Box,,,,,,,,,,,,,,,,,,-55 °C to 105 °C,SMD,10.30mm x 10.30mm,Panasonic,YES,Aluminum Electrolytic Capacitors,https://industrial.panasonic.com/cdbs/www-data/pdf/RDE0000/ABA0000C1240.pdf,01,01,02,01,002,DMT-01010201002,,,,,,,,,,,,,,,,,,,,,,,,,,,,,,,,,,,,,,,,,,,,AEC-Q200,,,,,,,,,,,,,,,,,,,,,,20%,,,,,,,,,,,,,,,,,,,,,,,,,,,,,,,,,,,,,,,,,,,,,,,,,,,,,,,,,,,,,,,,,,,,,,,,,,,,,,,,,,Automotive,330 uF,50 V,,0.120R @ 100 kHz,585 mA @ 120 Hz,900 mA @ 100 kHz,,,,,,,,,,,,,,,,,[''],,,,,,,,,,,,,,,,,,,,,,,,,,,,,,,,,,,,,,,,,,,,,,,,,,,,,,,,,,,,,,,,,,,,,,,,,,,,,,,,,,,,,,,,,,,,,,,,,,,,,,,,,,,,,,,,,,,,,,,,,,,,,,,,,,,,,,,,,,,
EEE-FK1J101P,150,100uF 63V,RLC-Box,,,,,,,,,,,,,,,,,,-55 °C to 105 °C,SMD,10.30mm x 10.30mm,Panasonic,YES,Aluminum Electrolytic Capacitors,https://industrial.panasonic.com/cdbs/www-data/pdf/RDE0000/ABA0000C1181.pdf,01,01,02,01,003,DMT-01010201003,,,,,,,,,,,,,,,,,,,,,,,,,,,,,,,,,,,,,,,,,,,,AEC-Q200,,,,,,,,,,,,,,,,,,,,,,20%,,,,,,,,,,,,,,,,,,,,,,,,,,,,,,,,,,,,,,,,,,,,,,,,,,,,,,,,,,,,,,,,,,,,,,,,,,,,,,,,,,Automotive,100 uF,63 V,,0.35R @ 100 kHz,300 mA @ 120 Hz,400 mA @ 100 kHz,,,,,,,,,,,,,,,,,[''],,,,,,,,,,,,,,,,,,,,,,,,,,,,,,,,,,,,,,,,,,,,,,,,,,,,,,,,,,,,,,,,,,,,,,,,,,,,,,,,,,,,,,,,,,,,,,,,,,,,,,,,,,,,,,,,,,,,,,,,,,,,,,,,,,,,,,,,,,,
EEE-FK1E471AP,450,470uF 25V,RLC-Box,,,,,,,,,,,,,,,,,,-55 °C to 105 °C,SMD,10.30mm x 10.30mm,Panasonic,YES,Aluminum Electrolytic Capacitors,https://industrial.panasonic.com/cdbs/www-data/pdf/RDE0000/ABA0000C1175.pdf,01,01,02,01,004,DMT-01010201004,,,,,,,,,,,,,,,,,,,,,,,,,,,,,,,,,,,,,,,,,,,,AEC-Q200,,,,,,,,,,,,,,,,,,,,,,20%,,,,,,,,,,,,,,,,,,,,,,,,,,,,,,,,,,,,,,,,,,,,,,,,,,,,,,,,,,,,,,,,,,,,,,,,,,,,,,,,,,"Automotive, High Temperature Reflow",470 uF,25 V,,0.08R @ 100 kHz,552.5 mA @ 120 Hz,850 mA @ 100 kHz,,,,,,,,,,,,,,,,,[''],,,,,,,,,,,,,,,,,,,,,,,,,,,,,,,,,,,,,,,,,,,,,,,,,,,,,,,,,,,,,,,,,,,,,,,,,,,,,,,,,,,,,,,,,,,,,,,,,,,,,,,,,,,,,,,,,,,,,,,,,,,,,,,,,,,,,,,,,,,
7447709100,,10uH 7.1A,RLC-Box,,,,,,,,,,,,,,,,,,-40 °C to 125 °C,SMD,12.00mm x 12.00mm,Würth Elektronik,YES,Fixed Inductors,https://www.we-online.com/components/products/datasheet/7447709100.pdf,01,03,01,01,004,DMT-01031001001,,,,,,,,,,,,,,,,,,,,"Drum Core, Wirewound",,,,,,,,,,,,,,,,,,,,,,,,AEC-Q200,,,Shielded,,,,,,,,,,,,,,,,,Manganese Zinc Ferrite (MnZn),10 uH,20%,7.1 A,10.5 A,0.021R,,21 MHz,1 kHz,,,,,,,,,,,,,,,,,,,,,,,,,,,,,,,,,,,,,,,,,,,,,,,,,,,,,,,,,,,,,,,,,,,,,,,,,,,,,,,,,,,,,,,,,,,,,,,,,,,,,,,,,,,,,,,,,,,,,,,,,,,,,,,,,,,,,,,,,,,,,,,,,,,,,,,,,,,,,,,,,,,,,,,,,,,,,,,,,,,,,,,,,,,,,,,,,,,,,,,,,,,,,,,,,,,,,,,,,,,,,,,,,,,,,,,,,,,,,,
744770122,,22uH 4.6A,RLC-Box,,,,,,,,,,,,,,,,,,-40 °C to 125 °C,SMD,12.00mm x 12.00mm,Würth Elektronik,,Fixed Inductors,https://www.we-online.com/components/products/datasheet/744770122.pdf,01,03,01,01,005,DMT-01031001002,,,,,,,,,,,,,,,,,,,,"Drum Core, Wirewound",,,,,,,,,,,,,,,,,,,,,,,,AEC-Q200,,,Shielded,,,,,,,,,,,,,,,,,Manganese Zinc Ferrite (MnZn),22 uH,20%,4.6 A,5 A,0.043R,,12 MHz,1 kHz,,,,,,,,,,,,,,,,,,,,,,,,,,,,,,,,,,,,,,,,,,,,,,,,,,,,,,,,,,,,,,,,,,,,,,,,,,,,,,,,,,,,,,,,,,,,,,,,,,,,,,,,,,,,,,,,,,,,,,,,,,,,,,,,,,,,,,,,,,,,,,,,,,,,,,,,,,,,,,,,,,,,,,,,,,,,,,,,,,,,,,,,,,,,,,,,,,,,,,,,,,,,,,,,,,,,,,,,,,,,,,,,,,,,,,,,,,,,,,
XAL4020-102MEC,,1uH 6.7A,RLC-Box,,,,,,,,,,,,,,,,,,-40 °C to 125 °C,SMD,4.00mm x 4.00mm,Coilcraft,YES,Fixed Inductors,https://www.coilcraft.com/getmedia/6adcb47d-8b55-416c-976e-1e22e0d2848c/xal4000.pdf,01,03,01,01,004,DMT-01030101004,,,,,,,,,,,,,,,,,,,,Molded,,,,,,,,,,,,,,,,,,,,,,,,AEC-Q200,,,Shielded,,,,,,,,,,,,,,,,,Metal Composite,1 uH,20%,6.7 A,8.7 A,0.0146R,,79 MHz,1 MHz,,,,,,,,,,,,,,,,,,,,,,,,,,,,,,,,,,,,,,,,,,,,,,,,,,,,,,,,,,,,,,,,,,,,,,,,,,,,,,,,,,,,,,,,,,,,,,,,,,,,,,,,,,,,,,,,,,,,,,,,,,,,,,,,,,,,,,,,,,,,,,,,,,,,,,,,,,,,,,,,,,,,,,,,,,,,,,,,,,,,,,,,,,,,,,,,,,,,,,,,,,,,,,,,,,,,,,,,,,,,,,,,,,,,,,,,,,,,,,
SRP6540-5R6M,,5.6uH 5.5A,RLC-Box,,,,,,,,,,,,,,,,,,-55 °C to 125 °C,SMD,7.20mm x 6.50mm,Bourns Inc.,YES,Fixed Inductors,https://www.bourns.com/docs/Product-Datasheets/SRP6540.pdf,01,03,01,01,006,DMT-01030101006,,,,,,,,,,,,,,,,,,,,"Drum Core, Wirewound",,,,,,,,,,,,,,,,,,,,,,,,,,,Shielded,,,,,,,,,,,,,,,,,Iron Powder,5.6 uH,20%,5.5 A,6 A,0.038R,,,100 kHz,,,,,,,,,,,,,,,,,,,,,,,,,,,,,,,,,,,,,,,,,,,,,,,,,,,,,,,,,,,,,,,,,,,,,,,,,,,,,,,,,,,,,,,,,,,,,,,,,,,,,,,,,,,,,,,,,,,,,,,,,,,,,,,,,,,,,,,,,,,,,,,,,,,,,,,,,,,,,,,,,,,,,,,,,,,,,,,,,,,,,,,,,,,,,,,,,,,,,,,,,,,,,,,,,,,,,,,,,,,,,,,,,,,,,,,,,,,,,,
IHLP2020CZER4R7M5A,,4.7uH 4.1A,RLC-Box,,,,,,,,,,,,,,,,,,-55 °C to 155 °C,SMD,5.18mm x 5.18mm,Vishay,YES,Fixed Inductors,https://www.vishay.com/docs/34384/ihlp-2020cz-5a.pdf,01,03,01,01,007,DMT-01030101007,,,,,,,,,,,,,,,,,,,,Molded,,,,,,,,,,,,,,,,,,,,,,,,AEC-Q200,,,Shielded,,,,,,,,,,,,,,,,,,4.7 uH,20%,4.1 A,3.7 A,0.0783R,,23.8 MHz,100 kHz,,,,,,,,,,,,,,,,,,,,,,,,,,,,,,,,,,,,,,,,,,,,,,,,,,,,,,,,,,,,,,,,,,,,,,,,,,,,,,,,,,,,,,,,,,,,,,,,,,,,,,,,,,,,,,,,,,,,,,,,,,,,,,,,,,,,,,,,,,,,,,,,,,,,,,,,,,,,,,,,,,,,,,,,,,,,,,,,,,,,,,,,,,,,,,,,,,,,,,,,,,,,,,,,,,,,,,,,,,,,,,,,,,,,,,,,,,,,,,
SMS-R050-1.0,,0.050R 1% 5W,RLC-Box,,,,,,,,,,,,,,,,,,-65 °C to 170 °C,SMD,2512,Isabellenhuette USA,YES,Chip Resistor - Surface Mount,https://www.isabellenhuetteusa.com/wp-content/uploads/2024/05/SMS.pdf,01,02,01,06,001,DMT-01020106001,,,,,,,,,,,,,,,,,,"Automotive, Current Sense, Moisture Resistant, Pulse Withstanding",,,,,,5 W,,,,,,,,,,,,,,,,,,,,AEC-Q200,,,,,,,,,,,,,,,,,,,,,,1%,,,,,,,,,,,,,,,,,,,,,,,,,,,,,,,,,,,,,,,,,,,,,,,,,,,,,,,,,,,,,,,,,,,,,,,,,,,,,,,0.050R,,±50ppm/°C,,,,,,,,,,,,,,,,,,,,,,,,,,,,,,,,,,,,,,,,,,,,,,,,,,,,,,,,,,,,,,,,,,,,,,,,,,,,,,,,,,,,,,,,,,,,,,,,,,,,,,,,,,,,,,,,,,,,,,,,,,,,,,,,,,,,,,,,,,,,,,,,,,,,,,,,,,,,,,,,,,,
SMS-R250-1.0,,0.250R 1% 5W,RLC-Box,,,,,,,,,,,,,,,,,,-65 °C to 170 °C,SMD,2512,Isabellenhuette USA,YES,Chip Resistor - Surface Mount,https://www.isabellenhuetteusa.com/wp-content/uploads/2024/05/SMS.pdf,01,02,01,06,002,DMT-01020106002,,,,,,,,,,,,,,,,,,"Automotive, Current Sense, Moisture Resistant, Pulse Withstanding",,,,,,5 W,,,,,,,,,,,,,,,,,,,,AEC-Q200,,,,,,,,,,,,,,,,,,,,,,1%,,,,,,,,,,,,,,,,,,,,,,,,,,,,,,,,,,,,,,,,,,,,,,,,,,,,,,,,,,,,,,,,,,,,,,,,,,,,,,,0.250R,,±50ppm/°C,,,,,,,,,,,,,,,,,,,,,,,,,,,,,,,,,,,,,,,,,,,,,,,,,,,,,,,,,,,,,,,,,,,,,,,,,,,,,,,,,,,,,,,,,,,,,,,,,,,,,,,,,,,,,,,,,,,,,,,,,,,,,,,,,,,,,,,,,,,,,,,,,,,,,,,,,,,,,,,,,,,
SMS-R012-1.0,,0.012R 1% 5W,RLC-Box,,,,,,,,,,,,,,,,,,-65 °C to 170 °C,SMD,2512,Isabellenhuette USA,YES,Chip Resistor - Surface Mount,https://www.isabellenhuetteusa.com/wp-content/uploads/2024/05/SMS.pdf,01,02,01,06,003,DMT-01020106003,,,,,,,,,,,,,,,,,,"Automotive, Current Sense, Moisture Resistant, Pulse Withstanding",,,,,,5 W,,,,,,,,,,,,,,,,,,,,AEC-Q200,,,,,,,,,,,,,,,,,,,,,,1%,,,,,,,,,,,,,,,,,,,,,,,,,,,,,,,,,,,,,,,,,,,,,,,,,,,,,,,,,,,,,,,,,,,,,,,,,,,,,,,0.012R,,±50ppm/°C,,,,,,,,,,,,,,,,,,,,,,,,,,,,,,,,,,,,,,,,,,,,,,,,,,,,,,,,,,,,,,,,,,,,,,,,,,,,,,,,,,,,,,,,,,,,,,,,,,,,,,,,,,,,,,,,,,,,,,,,,,,,,,,,,,,,,,,,,,,,,,,,,,,,,,,,,,,,,,,,,,,
ERJ-6BSFR15V,,0.15R 1% 1/3W,RLC-Box,,,,,,,,,,,,,,,,,,-55 °C to 155 °C,SMD,0805,Panasonic,YES,Chip Resistor - Surface Mount,https://industrial.panasonic.com/cdbs/www-data/pdf/RDN0000/AOA0000C313.pdf,01,02,01,03,001,DMT-01020103001,,,,,,,,,,,,,,,,,,"Automotive, Current Sense",,,,,,1/3 W,,,,,,,,,,,,,,,,,,,,AEC-Q200,,,,,,,,,,,,,,,,,,,,,,1%,,,,,,,,,,,,,,,,,,,,,,,,,,,,,,,,,,,,,,,,,,,,,,,,,,,,,,,,,,,,,,,,,,,,,,,,,,,,,,,0.15R,Thick Film,+250ppm/°C,,,,,,,,,,,,,,,,,,,,,,,,,,,,,,,,,,,,,,,,,,,,,,,,,,,,,,,,,,,,,,,,,,,,,,,,,,,,,,,,,,,,,,,,,,,,,,,,,,,,,,,,,,,,,,,,,,,,,,,,,,,,,,,,,,,,,,,,,,,,,,,,,,,,,,,,,,,,,,,,,,,
PCF0805R-13K3BT1,,13.3K 0.1% 1/10W,RLC-Box,,,,,,,,,,,,,,,,,,-55 °C to 125 °C,SMD,0805,TT Electronics,YES,Chip Resistor - Surface Mount,https://www.ttelectronics.com/TTElectronics/media/ProductFiles/Datasheet/PCF.pdf,01,02,01,03,001,DMT-01020103005,,,,,,,,,,,,,,,,,,,,,,,,1/10 W,,,,,,,,,,,,,,,,,,,,,,,,,,,,,,,,,,,,,,,,,,0.1%,,,,,,,,,,,,,,,,,,,,,,,,,,,,,,,,,,,,,,,,,,,,,,,,,,,,,,,,,,,,,,,,,,,,,,,,,,,,,,,13.3K,Metal Film,±25ppm/°C,,,,,,,,,,,,,,,,,,,,,,,,,,,,,,,,,,,,,,,,,,,,,,,,,,,,,,,,,,,,,,,,,,,,,,,,,,,,,,,,,,,,,,,,,,,,,,,,,,,,,,,,,,,,,,,,,,,,,,,,,,,,,,,,,,,,,,,,,,,,,,,,,,,,,,,,,,,,,,,,,,,
ERJ-L06KF10CV,,0.1R 1% 1/4W,RLC-Box,,,,,,,,,,,,,,,,,,-55 °C to 125 °C,SMD,0805,Panasonic,YES,Chip Resistor - Surface Mount,https://industrial.panasonic.com/cdbs/www-data/pdf/RDN0000/AOA0000C313.pdf,01,02,01,03,002,DMT-01020103002,,,,,,,,,,,,,,,,,,"Automotive, Current Sense",,,,,,1/4 W,,,,,,,,,,,,,,,,,,,,AEC-Q200,,,,,,,,,,,,,,,,,,,,,,1%,,,,,,,,,,,,,,,,,,,,,,,,,,,,,,,,,,,,,,,,,,,,,,,,,,,,,,,,,,,,,,,,,,,,,,,,,,,,,,,0.1R,Thick Film,±100ppm/°C,,,,,,,,,,,,,,,,,,,,,,,,,,,,,,,,,,,,,,,,,,,,,,,,,,,,,,,,,,,,,,,,,,,,,,,,,,,,,,,,,,,,,,,,,,,,,,,,,,,,,,,,,,,,,,,,,,,,,,,,,,,,,,,,,,,,,,,,,,,,,,,,,,,,,,,,,,,,,,,,,,,
MCLRP10DTWTR030,,0.03R 0.5% 1W,RLC-Box,,,,,,,,,,,,,,,,,,-55 °C to 170 °C,SMD,2010,MULTICOMP PRO,YES,Chip Resistor - Surface Mount,https://www.farnell.com/datasheets/3779528.pdf,01,02,01,05,001,DMT-01020103003,,,,,,,,,,,,,,,,,,Automotive,,,,,,1 W,,,,,,,,,,,,,,,,,,,,AEC-Q200,,,,,,,,,,,,,,,,,,,,,,0.5%,,,,,,,,,,,,,,,,,,,,,,,,,,,,,,,,,,,,,,,,,,,,,,,,,,,,,,,,,,,,,,,,,,,,,,,,,,,,,,,0.03R,Metal Strip,±75ppm/°C,,,,,,,,,,,,,,,,,,,,,,,,,,,,,,,,,,,,,,,,,,,,,,,,,,,,,,,,,,,,,,,,,,,,,,,,,,,,,,,,,,,,,,,,,,,,,,,,,,,,,,,,,,,,,,,,,,,,,,,,,,,,,,,,,,,,,,,,,,,,,,,,,,,,,,,,,,,,,,,,,,,
CR0805-FX-1002ELF,,"10K, 1% 1/8W",RLC-Box,,,,,,,,,,,,,,,,,,-55 °C to 155 °C,SMD,0805,Bourns Inc.,YES,Chip Resistor - Surface Mount,https://bourns.com/docs/product-datasheets/cr.pdf,01,02,40,03,004,DMT-01020103004,,,,,,,,,,,,,,,,,,,,,,,,1/8 W,,,,,,,,,,,,,,,,,,,,,,,,,,,,,,,,,,,,,,,,,,1%,,,,,,,,,,,,,,,,,,,,,,,,,,,,,,,,,,,,,,,,,,,,,,,,,,,,,,,,,,,,,,,,,,,,,,,,,,,,,,,10K,Thick Film,±100ppm/°C,,,,,,,,,,,,,,,,,,,,,,,,,,,,,,,,,,,,,,,,,,,,,,,,,,,,,,,,,,,,,,,,,,,,,,,,,,,,,,,,,,,,,,,,,,,,,,,,,,,,,,,,,,,,,,,,,,,,,,,,,,,,,,,,,,,,,,,,,,,,,,,,,,,,,,,,,,,,,,,,,,,
ERJ-P03F49R9V,,49.9R 1% 1/5W,RLC-Box,,,,,,,,,,,,,,,,,,-55 °C to 155 °C,SMD,0603,Panasonic,YES,Chip Resistor - Surface Mount,https://industrial.panasonic.com/cdbs/www-data/pdf/RDO0000/AOA0000C331.pdf,01,02,01,02,001,DMT-01020102001,,,,,,,,,,,,,,,,,,"Automotive, Pulse Withstanding",,,,,,1/5 W,,,,,,,,,,,,,,,,,,,,AEC-Q200,,,,,,,,,,,,,,,,,,,,,,1%,,,,,,,,,,,,,,,,,,,,,,,,,,,,,,,,,,,,,,,,,,,,,,,,,,,,,,,,,,,,,,,,,,,,,,,,,,,,,,,49.9R,Thick Film,±200ppm/°C,,,,,,,,,,,,,,,,,,,,,,,,,,,,,,,,,,,,,,,,,,,,,,,,,,,,,,,,,,,,,,,,,,,,,,,,,,,,,,,,,,,,,,,,,,,,,,,,,,,,,,,,,,,,,,,,,,,,,,,,,,,,,,,,,,,,,,,,,,,,,,,,,,,,,,,,,,,,,,,,,,,
MR06X000 PTL,,0R 1% 1/8W,RLC-Box,,,,,,,,,,,,,,,,,,-55 °C to 155 °C,SMD,0603,Walsin Technology Corporation,YES,Chip Resistor - Surface Mount,https://www.passivecomponent.com/wp-content/uploads/chipR/ASC_MR.pdf,01,02,01,02,002,DMT-01020102002,,,,,,,,,,,,,,,,,,"Anti-Sulfur, Automotive, Moisture Resistant",,,,,,1/8 W,,,,,,,,,,,,,,,,,,,,AEC-Q200,,,,,,,,,,,,,,,,,,,,,,1%,,,,,,,,,,,,,,,,,,,,,,,,,,,,,,,,,,,,,,,,,,,,,,,,,,,,,,,,,,,,,,,,,,,,,,,,,,,,,,,0R,Thick Film,±200ppm/°C,,,,,,,,,,,,,,,,,,,,,,,,,,,,,,,,,,,,,,,,,,,,,,,,,,,,,,,,,,,,,,,,,,,,,,,,,,,,,,,,,,,,,,,,,,,,,,,,,,,,,,,,,,,,,,,,,,,,,,,,,,,,,,,,,,,,,,,,,,,,,,,,,,,,,,,,,,,,,,,,,,,
AC0402FR-0722KL,,22K 1% 1/16W,RLC-Box,,,,,,,,,,,,,,,,,,-55 °C to 155 °C,SMD,0402,YAGEO,YES,Chip Resistor - Surface Mount,https://www.yageogroup.com/component-documentation/download/specsheet/AC0402FR-0722KL,01,02,01,01,001,DMT-01020101001,,,,,,,,,,,,,,,,,,"Automotive, Moisture Resistant",,,,,,1/16 W,,,,,,,,,,,,,,,,,,,,AEC-Q200,,,,,,,,,,,,,,,,,,,,,,1%,,,,,,,,,,,,,,,,,,,,,,,,,,,,,,,,,,,,,,,,,,,,,,,,,,,,,,,,,,,,,,,,,,,,,,,,,,,,,,,22K,Thick Film,±100ppm/°C,,,,,,,,,,,,,,,,,,,,,,,,,,,,,,,,,,,,,,,,,,,,,,,,,,,,,,,,,,,,,,,,,,,,,,,,,,,,,,,,,,,,,,,,,,,,,,,,,,,,,,,,,,,,,,,,,,,,,,,,,,,,,,,,,,,,,,,,,,,,,,,,,,,,,,,,,,,,,,,,,,,
RP73PF1E34K8BTDF,,34.8K 0.1% 1/10W,RLC-Box,,,,,,,,,,,,,,,,,,-55 °C to 155 °C,SMD,0402,TE Connectivity,YES,Chip Resistor - Surface Mount,"https://www.te.com/commerce/DocumentDelivery/DDEController?Action=srchrtrv&DocNm=1773272&DocType=Data%20Sheet&DocLang=English&DocFormat=pdf&PartCntxt=8-1879808-3,DMT-020012.pdf",01,02,40,01,002,DMT-01020101002,,,,,,,,,,,,,,,,,,,,,,,,1/10 W,,,,,,,,,,,,,,,,,,,,,,,,,,,,,,,,,,,,,,,,,,0.1%,,,,,,,,,,,,,,,,,,,,,,,,,,,,,,,,,,,,,,,,,,,,,,,,,,,,,,,,,,,,,,,,,,,,,,,,,,,,,,,34.8K,Thin Film,±25ppm/°C,,,,,,,,,,,,,,,,,,,,,,,,,,,,,,,,,,,,,,,,,,,,,,,,,,,,,,,,,,,,,,,,,,,,,,,,,,,,,,,,,,,,,,,,,,,,,,,,,,,,,,,,,,,,,,,,,,,,,,,,,,,,,,,,,,,,,,,,,,,,,,,,,,,,,,,,,,,,,,,,,,,
CRGCQ0402F4K7,,4.7K 1% 1/16W,RLC-Box,,,,,,,,,,,,,,,,,,-55 °C to 155 °C,SMD,0402,TE Connectivity,YES,Chip Resistor - Surface Mount,https://www.te.com/commerce/DocumentDelivery/DDEController?Action=srchrtrv&DocNm=1773204-3&DocType=Data%20Sheet&DocLang=English&DocFormat=pdf&PartCntxt=4-2176338-3.pdf,01,02,40,01,003,DMT-01020101003,,,,,,,,,,,,,,,,,,"Automotive, Moisture Resistant",,,,,,1/16 W,,,,,,,,,,,,,,,,,,,,AEC-Q200,,,,,,,,,,,,,,,,,,,,,,1%,,,,,,,,,,,,,,,,,,,,,,,,,,,,,,,,,,,,,,,,,,,,,,,,,,,,,,,,,,,,,,,,,,,,,,,,,,,,,,,4.7K,Thick Film,±100ppm/°C,,,,,,,,,,,,,,,,,,,,,,,,,,,,,,,,,,,,,,,,,,,,,,,,,,,,,,,,,,,,,,,,,,,,,,,,,,,,,,,,,,,,,,,,,,,,,,,,,,,,,,,,,,,,,,,,,,,,,,,,,,,,,,,,,,,,,,,,,,,,,,,,,,,,,,,,,,,,,,,,,,,
MCMR04X000 PTL,,0R 1% 1/16W,RLC-Box,,,,,,,,,,,,,,,,,,-55 °C to 155 °C,SMD,0402,MULTICOMP PRO,YES,Chip Resistor - Surface Mount,https://4donline.ihs.com/images/VipMasterIC/IC/SCMP/SCMPS00166/SCMPS00166-1.pdf?hkey=6D3A4C79FDBF58556ACFDE234799DDF0,01,02,01,01,004,DMT-01020101004,,,,,,,,,,,,,,,,,,Automotive,,,,,,1/16 W,,,,,,,,,,,,,,,,,,,,AEC Q200,,,,,,,,,,,,,,,,,,,,,,1%,,,,,,,,,,,,,,,,,,,,,,,,,,,,,,,,,,,,,,,,,,,,,,,,,,,,,,,,,,,,,,,,,,,,,,,,,,,,,,,0R,Thick Film,±200ppm/°C,,,,,,,,,,,,,,,,,,,,,,,,,,,,,,,,,,,,,,,,,,,,,,,,,,,,,,,,,,,,,,,,,,,,,,,,,,,,,,,,,,,,,,,,,,,,,,,,,,,,,,,,,,,,,,,,,,,,,,,,,,,,,,,,,,,,,,,,,,,,,,,,,,,,,,,,,,,,,,,,,,,
PA1206FRF470R003Z,,0.003R 1% 1W,RLC-Box,,,,,,,,,,,,,,,,,,-55 °C to 170 °C,SMD,1206,YAGEO,YES,Chip Resistor - Surface Mount,https://www.yageogroup.com/content/Resource%20Library/Datasheet/PYU-PA0100_2512_51_ROHS.pdf,01,02,01,04,001,DMT-01020104001,,,,,,,,,,,,,,,,,,"Automotive, Current Sense, Moisture Resistant",,,,,,1 W,,,,,,,,,,,,,,,,,,,,AEC-Q200,,,,,,,,,,,,,,,,,,,,,,1%,,,,,,,,,,,,,,,,,,,,,,,,,,,,,,,,,,,,,,,,,,,,,,,,,,,,,,,,,,,,,,,,,,,,,,,,,,,,,,,0.003R,Metal Element,±100ppm/°C,,,,,,,,,,,,,,,,,,,,,,,,,,,,,,,,,,,,,,,,,,,,,,,,,,,,,,,,,,,,,,,,,,,,,,,,,,,,,,,,,,,,,,,,,,,,,,,,,,,,,,,,,,,,,,,,,,,,,,,,,,,,,,,,,,,,,,,,,,,,,,,,,,,,,,,,,,,,,,,,,,,
RT1206BRD0730RL,,30R 0.1% 1/4W,RLC-Box,,,,,,,,,,,,,,,,,,-55 °C to 155 °C,SMD,1206,YAGEO,YES,Chip Resistor - Surface Mount,https://www.yageogroup.com/component-documentation/download/specsheet/RT1206BRD0730RL,01,02,01,04,002,DMT-01020104002,,,,,,,,,,,,,,,,,,,,,,,,1/4 W,,,,,,,,,,,,,,,,,,,,,,,,,,,,,,,,,,,,,,,,,,0.1%,,,,,,,,,,,,,,,,,,,,,,,,,,,,,,,,,,,,,,,,,,,,,,,,,,,,,,,,,,,,,,,,,,,,,,,,,,,,,,,30R,Thin Film,±25ppm/°C,,,,,,,,,,,,,,,,,,,,,,,,,,,,,,,,,,,,,,,,,,,,,,,,,,,,,,,,,,,,,,,,,,,,,,,,,,,,,,,,,,,,,,,,,,,,,,,,,,,,,,,,,,,,,,,,,,,,,,,,,,,,,,,,,,,,,,,,,,,,,,,,,,,,,,,,,,,,,,,,,,,
ERJ-8CWFR010V,,0.010R 1% 1W,RLC-Box,,,,,,,,,,,,,,,,,,-55 °C to 125 °C,SMD,1206,Panasonic,YES,Chip Resistor - Surface Mount,https://industrial.panasonic.com/cdbs/www-data/pdf/RDN0000/AOA0000C313.pdf,01,02,01,04,003,DMT-01020104003,,,,,,,,,,,,,,,,,,"Automotive, Current Sense",,,,,,1 W,,,,,,,,,,,,,,,,,,,,AEC-Q200,,,,,,,,,,,,,,,,,,,,,,1%,,,,,,,,,,,,,,,,,,,,,,,,,,,,,,,,,,,,,,,,,,,,,,,,,,,,,,,,,,,,,,,,,,,,,,,,,,,,,,,0.010R,Thick Film,±75ppm/°C,,,,,,,,,,,,,,,,,,,,,,,,,,,,,,,,,,,,,,,,,,,,,,,,,,,,,,,,,,,,,,,,,,,,,,,,,,,,,,,,,,,,,,,,,,,,,,,,,,,,,,,,,,,,,,,,,,,,,,,,,,,,,,,,,,,,,,,,,,,,,,,,,,,,,,,,,,,,,,,,,,,
MCKP05SJ0680AA9,,68R 5% 5W,RLC-Box,,,,,,,,,,,,,,,,,,-55 °C to 200 °C,THT,Axial leaded 17.5mm,MULTICOMP PRO,YES,Wire Wound Fixed Resistors,https://www.farnell.com/datasheets/3916833.pdf,01,02,02,12,001,DMT-01020112001,,,,,,,,,,,,,,,,,,,,,,,,5 W,,,,,,,,,,,,,,,,,,,,,,,,,,,,,,,,,,,,,,,,,,5%,,,,,,,,,,,,,,,,,,,,,,,,,,,,,,,,,,,,,,,,,,,,,,,,,,,,,,,,,,,,,,,,,,,,,,,,,,,,,,,68R,Wire Wound,±400ppm/°C,,,,,,,,,,,,,,,,,,,,,,,,,,,,,,,,,,,,,,,,,,,,,,,,,,,,,,,,,,,,,,,,,,,,,,,,,,,,,,,,,,,,,,,,,,,,,,,,,,,,,,,,,,,,,,,,,,,,,,,,,,,,,,,,,,,,,,,,,,,,,,,,,,,,,,,,,,,,,,,,,,,
PWR220T-35-25R0J,,25R 5% 35W,RLC-Box,,,,,,,,,,,,,,,,,,-55 °C to 155 °C,THT,TO-220-2,Bourns Inc.,YES,Through Hole Resistors,https://www.bourns.com/docs/Product-Datasheets/PWR220T-35.pdf,01,02,02,20,001,DMT-01020220001,,,,,,,,,,,,,,,,,,"Automotive, Current Sense, Pulse Withstanding",,,,,,35 W,,,,,,,,,,,,,,,,,,,,AEC-Q200,,,,,,,,,,,,,,,,,,,,,,5%,,,,,,,,,,,,,,,,,,,,,,,,,,,,,,,,,,,,,,,,,,,,,,,,,,,,,,,,,,,,,,,,,,,,,,,,,,,,,,,25R,Thick Film,±100ppm/°C,,,,,,,,,,,,,,,,,,,,,,,,,,,,,,,,,,,,,,,,,,,,,,,,,,,,,,,,,,,,,,,,,,,,,,,,,,,,,,,,,,,,,,,,,,,,,,,,,,,,,,,,,,,,,,,,,,,,,,,,,,,,,,,,,,,,,,,,,,,,,,,,,,,,,,,,,,,,,,,,,,,
CRCW0402240RFKED,5000,240R 1% 1/16W,RLC-Box,,,,,,,,,,,,,,,,,,-55 °C to 155 °C,SMD,0402,Vishay Dale,YES,Chip Resistor - Surface Mount,https://www.vishay.com/docs/20035/dcrcwe3.pdf,01,02,01,01,005,DMT-01020101005,,,,,,,,,,,,,,,,,,Automotive,,,,,,1/16 W,,,,,,,,,,,,,,,,,,,,AEC-Q200,,,,,,,,,,,,,,,,,,,,,,1%,,,,,,,,,,,,,,,,,,,,,,,,,,,,,,,,,,,,,,,,,,,,,,,,,,,,,,,,,,,,,,,,,,,,,,,,,,,,,,,240R,Thick Film,±100ppm/°C,,,,,,,,,,,,,,,,,,,,,,,,,,,,,,,,,,,,,,,,,,,,,,,,,,,,,,,,,,,,,,,,,,,,,,,,,,,,,,,,,,,,,,,,,,,,,,,,,,,,,,,,,,,,,,,,,,,,,,,,,,,,,,,,,,,,,,,,,,,,,,,,,,,,,,,,,,,,,,,,,,,
CRCW04023K30FKED,5000,3.3K 1% 1/16W,RLC-Box,,,,,,,,,,,,,,,,,,-55 °C to 155 °C,SMD,0402,Vishay Dale,YES,Chip Resistor - Surface Mount,https://www.vishay.com/docs/20035/dcrcwe3.pdf,01,02,01,01,006,DMT-01020101006,,,,,,,,,,,,,,,,,,Automotive,,,,,,1/16 W,,,,,,,,,,,,,,,,,,,,AEC-Q200,,,,,,,,,,,,,,,,,,,,,,1%,,,,,,,,,,,,,,,,,,,,,,,,,,,,,,,,,,,,,,,,,,,,,,,,,,,,,,,,,,,,,,,,,,,,,,,,,,,,,,,3.3K,Thick Film,±100ppm/°C,,,,,,,,,,,,,,,,,,,,,,,,,,,,,,,,,,,,,,,,,,,,,,,,,,,,,,,,,,,,,,,,,,,,,,,,,,,,,,,,,,,,,,,,,,,,,,,,,,,,,,,,,,,,,,,,,,,,,,,,,,,,,,,,,,,,,,,,,,,,,,,,,,,,,,,,,,,,,,,,,,,
CRCW04027R50FKED,4000,7.5R 1% 1/16W,RLC-Box,,,,,,,,,,,,,,,,,,-55 °C to 155 °C,SMD,0402,Vishay Dale,YES,Chip Resistor - Surface Mount,https://www.vishay.com/docs/20035/dcrcwe3.pdf,01,02,01,01,007,DMT-01020101007,,,,,,,,,,,,,,,,,,Automotive,,,,,,1/16 W,,,,,,,,,,,,,,,,,,,,AEC-Q200,,,,,,,,,,,,,,,,,,,,,,1%,,,,,,,,,,,,,,,,,,,,,,,,,,,,,,,,,,,,,,,,,,,,,,,,,,,,,,,,,,,,,,,,,,,,,,,,,,,,,,,7.5R,Thick Film,±100ppm/°C,,,,,,,,,,,,,,,,,,,,,,,,,,,,,,,,,,,,,,,,,,,,,,,,,,,,,,,,,,,,,,,,,,,,,,,,,,,,,,,,,,,,,,,,,,,,,,,,,,,,,,,,,,,,,,,,,,,,,,,,,,,,,,,,,,,,,,,,,,,,,,,,,,,,,,,,,,,,,,,,,,,
CRCW0402270RFKED,5000,270R 1% 1/16W,RLC-Box,,,,,,,,,,,,,,,,,,-55 °C to 155 °C,SMD,0402,Vishay Dale,YES,Chip Resistor - Surface Mount,https://www.vishay.com/docs/20035/dcrcwe3.pdf,01,02,01,01,008,DMT-01020101008,,,,,,,,,,,,,,,,,,Automotive,,,,,,1/16 W,,,,,,,,,,,,,,,,,,,,AEC-Q200,,,,,,,,,,,,,,,,,,,,,,1%,,,,,,,,,,,,,,,,,,,,,,,,,,,,,,,,,,,,,,,,,,,,,,,,,,,,,,,,,,,,,,,,,,,,,,,,,,,,,,,270R,Thick Film,±100ppm/°C,,,,,,,,,,,,,,,,,,,,,,,,,,,,,,,,,,,,,,,,,,,,,,,,,,,,,,,,,,,,,,,,,,,,,,,,,,,,,,,,,,,,,,,,,,,,,,,,,,,,,,,,,,,,,,,,,,,,,,,,,,,,,,,,,,,,,,,,,,,,,,,,,,,,,,,,,,,,,,,,,,,
CRCW04021K80FKED,5000,1.8K 1% 1/16W,RLC-Box,,,,,,,,,,,,,,,,,,-55 °C to 155 °C,SMD,0402,Vishay Dale,YES,Chip Resistor - Surface Mount,https://www.vishay.com/docs/20035/dcrcwe3.pdf,01,02,01,01,009,DMT-01020101009,,,,,,,,,,,,,,,,,,Automotive,,,,,,1/16 W,,,,,,,,,,,,,,,,,,,,AEC-Q200,,,,,,,,,,,,,,,,,,,,,,1%,,,,,,,,,,,,,,,,,,,,,,,,,,,,,,,,,,,,,,,,,,,,,,,,,,,,,,,,,,,,,,,,,,,,,,,,,,,,,,,1.8K,Thick Film,±100ppm/°C,,,,,,,,,,,,,,,,,,,,,,,,,,,,,,,,,,,,,,,,,,,,,,,,,,,,,,,,,,,,,,,,,,,,,,,,,,,,,,,,,,,,,,,,,,,,,,,,,,,,,,,,,,,,,,,,,,,,,,,,,,,,,,,,,,,,,,,,,,,,,,,,,,,,,,,,,,,,,,,,,,,
CRCW04024K70FKED,6000,4.7K 1% 1/16W,RLC-Box,,,,,,,,,,,,,,,,,,-55 °C to 155 °C,SMD,0402,Vishay Dale,YES,Chip Resistor - Surface Mount,https://www.vishay.com/docs/20035/dcrcwe3.pdf,01,02,01,01,010,DMT-01020101010,,,,,,,,,,,,,,,,,,Automotive,,,,,,1/16 W,,,,,,,,,,,,,,,,,,,,AEC-Q200,,,,,,,,,,,,,,,,,,,,,,1%,,,,,,,,,,,,,,,,,,,,,,,,,,,,,,,,,,,,,,,,,,,,,,,,,,,,,,,,,,,,,,,,,,,,,,,,,,,,,,,4.7K,Thick Film,±100ppm/°C,,,,,,,,,,,,,,,,,,,,,,,,,,,,,,,,,,,,,,,,,,,,,,,,,,,,,,,,,,,,,,,,,,,,,,,,,,,,,,,,,,,,,,,,,,,,,,,,,,,,,,,,,,,,,,,,,,,,,,,,,,,,,,,,,,,,,,,,,,,,,,,,,,,,,,,,,,,,,,,,,,,
CRCW040210K0FKED,100,10K 1% 1/16W,RLC-Box,,,,,,,,,,,,,,,,,,-55 °C to 155 °C,SMD,0402,Vishay Dale,YES,Chip Resistor - Surface Mount,https://www.vishay.com/docs/20035/dcrcwe3.pdf,01,02,01,01,011,DMT-01020101011,,,,,,,,,,,,,,,,,,Automotive,,,,,,1/16 W,,,,,,,,,,,,,,,,,,,,AEC-Q200,,,,,,,,,,,,,,,,,,,,,,1%,,,,,,,,,,,,,,,,,,,,,,,,,,,,,,,,,,,,,,,,,,,,,,,,,,,,,,,,,,,,,,,,,,,,,,,,,,,,,,,10K,Thick Film,±100ppm/°C,,,,,,,,,,,,,,,,,,,,,,,,,,,,,,,,,,,,,,,,,,,,,,,,,,,,,,,,,,,,,,,,,,,,,,,,,,,,,,,,,,,,,,,,,,,,,,,,,,,,,,,,,,,,,,,,,,,,,,,,,,,,,,,,,,,,,,,,,,,,,,,,,,,,,,,,,,,,,,,,,,,
SRP6540-1R5MDKR,20,1.5uH 11A,RLC-Box,,,,,,,,,,,,,,,,,,-55 °C to 125 °C,SMD,7.20mm x 6.50mm,Bourns Inc.,YES,Fixed Inductors,https://www.bourns.com/docs/Product-Datasheets/SRP6540.pdf,01,03,01,01,008,DMT-01030101008,,,,,,,,,,,,,,,,,,,,"Drum Core, Wirewound",,,,,,,,,,,,,,,,,,,,,,,,,,,Shielded,,,,,,,,,,,,,,,,,Iron Powder,1.5 uH,20%,11 A,11 A,0.010R,,,100 kHz,,,,,,,,,,,,,,,,,,,,,,,,,,,,,,,,,,,,,,,,,,,,,,,,,,,,,,,,,,,,,,,,,,,,,,,,,,,,,,,,,,,,,,,,,,,,,,,,,,,,,,,,,,,,,,,,,,,,,,,,,,,,,,,,,,,,,,,,,,,,,,,,,,,,,,,,,,,,,,,,,,,,,,,,,,,,,,,,,,,,,,,,,,,,,,,,,,,,,,,,,,,,,,,,,,,,,,,,,,,,,,,,,,,,,,,,,,,,,,
TPS74801DRCT,,TPS74801DRCT,SemiBox,,,,,,,,,,,,,,,"Over Current, Over Temperature, Short Circuit, Under Voltage Lockout (UVLO)",,,-40 °C to 125 °C,SMD,VSON10,Texas Instruments,YES,Linear Voltage Regulator IC Positive Adjustable 1 Output 1.5A 10-VSON (3x3),https://www.ti.com/general/docs/suppproductinfo.tsp?distId=10&gotoUrl=https%3A%2F%2Fwww.ti.com%2Flit%2Fgpn%2Ftps74801,03,01,01,07,001,DMT-03010107001,,,,,,,,,,,,,,,,,,,,,,,1.5 A,,,,,,,,,,,,Adjustable,,,,,,,,,,,,,,,,,,,,,,,,,,,,,,,,,,,,,,Linear Voltage Regulator,Positive,Linear Voltage Regulator,1,Vout+0.3 V,5.5 V,0.8 V,3.6 V,,,50dB to 30dB (1 kHz to 300 kHz),"Enable, Power Good, Soft Start",,,,,,,,,,,,,,,,,,,,,,,,,,,,,,,,,,,,,,,,,,,,,,,,,,,,,,,,,,,,,,,,,,,,,,,,,,,,,,,,,,,,,,,,,,,,,,,,,,,,,,,,,,,,,,,,,,,,,,,,,,,,,,,,,,,,,,,,,,,,,,,,,,,,,,,,,,,,,,,,,,,,,,,,,,,,,,,,,,,,,,,,,,,,,,,,,,,,,,,,,,,,,,,,,,,,,,,,,,,,,,,,,,
SN65HVD11DR,Transceiver,SN65HVD11DR,SemiBox,,,,,,,,,,,,,,,,,,-40 °C to 85 °C,SMD,SOIC8,Texas Instruments,YES,"1/1 Transceiver Half RS422, RS485 8-SOIC",https://www.ti.com/general/docs/suppproductinfo.tsp?distId=10&gotoUrl=https%3A%2F%2Fwww.ti.com%2Flit%2Fgpn%2Fsn65hvd11,03,05,02,01,001,DMT-03050201001,,,,,,,,,,,,,,,,,,,,,,,,,,,,,"RS422, RS485",1/1,Half,35mV,10Mbps,,,,,,3 V to 6 V,,,,,,,,,,,,,,,,,,,,,,,,,,,,,,,,,,,,,,,,,,,,,,,,,,,,,,,,,,,,,,,,,,,,,,,,,,,,,,,,,,,,,,,,,,,,,,,,,,,,,,,,,,,,,,,,,,,,,,,,,,,,,,,,,,,,,,,,,,,,,,,,,,,,,,,,,,,,,,,,,,,,,,,,,,,,,,,,,,,,,,,,,,,,,,,,,,,,,,,,,,,,,,,,,,,,,,,,,,,,,,,,,,,,,,,,,,,,,,,,,,,,,,,,,,,,,,,,,,,,,,,,,,,,,,,
ATSHA204A-XHCZ-T,,ATSHA204A,SemiBox,,,,,,,,,,,,,,,,,,−40 °C to +85 °C,SMD,TSSOP8,Microchip Technology,YES,Authentication Chip 8-TSSOP,https://ww1.microchip.com/downloads/aemDocuments/documents/OTH/ProductDocuments/DataSheets/ATSHA204A-Data-Sheet-40002025A.pdf,03,99,02,01,001,DMT-03990201001,,,,,,,,,,,,,,,,,,,,Authentication Chip,,,,,,,,,,,,,,,,,,,2.0 V to 5.5 V,,,,,,,,,,,,,,,,,,,,I2C,,,,,,,,,,,,,,CryptoAuthentication SHA-256 Hash,,,,,,,,,,,,,,,,,,,,,,,,,,,,,,,,,,,,,,,,,,,,,,,,,,,,,,,,,,,,,,,,,,,,,,,1,,,,,,,,,,,,,,,,,,,,,,,,,,,,,,,,,,,,,,,,,,,,,,,,,,,,,,,,,,,,,,,,,,,,,,,,,,,,,,,,,,,,,,,,,,,,,,,,,,,,,,,,,,,,,,,,,,,,,,,,,,,,,,,,,,,,,,,,,,,,,,,,,,,,,,,,,,,,,,,,,,,,,,
"74HC00PW,112",,74HC00PW,SemiBox,,,,,,,,,,,,,,,,,,-40 °C to 125 °C,SMD,TSSOP14,Nexperia USA Inc.,YES,NAND Gate IC 4 Channel 14-TSSOP,https://assets.nexperia.com/documents/data-sheet/74HC_HCT00.pdf,03,06,02,01,001,DMT-03060201001,,,,,,,,,,,,,,,,,,,,,,,,,,,,,,,,,,,,,,,2 V to 6 V,,,,,,,,,,,,,,,,,,,,,,,,,,,,,,,,,,,,,,,,,,,,,,,,,,,,,,,,,,,,,,,,,,,,,,,,,,,,,,,,,,,,,,,,,,,,NAND Gate,4,2,,,"7 ns @ 6 V, 50 pF",,0.5 V to 1.8 V,1.5 V to 4.2 V,5.2 mA,5.2 mA,40 uA,,,,,,,,,,,,,,,,,,,,,,,,,,,,,,,,,,,,,,,,,,,,,,,,,,,,,,,,,,,,,,,,,,,,,,,,,,,,,,,,,,,,,,,,,,,,,,,,,,,,,,,,,,,,,,,,,,,,,,,,,,,,,,,,,,,,,,,,,,,,,,,,,,,,,,,,,,,,,,,,,,,,,,,,
74LVC162244ADGG:51,,74LVC162244ADGG,SemiBox,,,,,,,,,,,,,,,,,,-40 °C to +125 °C,SMD,TSSOP48,NXP USA Inc.,YES,"Buffer, Non-Inverting 4 Element 4 Bit per Element 3-State Output 48-TSSOP",https://mm.digikey.com/Volume0/opasdata/d220001/medias/docus/2121/74LVC%28H%29162244A_Rev6_2017.pdf,03,06,02,05,001,DMT-03060205001,,,,,,,,,,,,,,,,,,,,,,,,,,,,,,,,,,,3-State,,,,1.2 V to 3.6 V,,,,,,,,,,,,,,,,,,,,,,,,,,,,,,,,,,,,,,,,,,,,,,,,,,,,,,,,,,,,,,,,,,,,,,,,,,,,,,,,,,,,,,,,,,,,"Buffer, Non-Inverting",,,4,4,,,2.0 V to VCC,0.8 V,12 mA,12 mA,,5 pF,,,,,,,,,,,,,,,,,,,,,,,,,,,,,,,,,,,,,,,,,,,,,,,,,,,,,,,,,,,,,,,,,,,,,,,,,,,,,,,,,,,,,,,,,,,,,,,,,,,,,,,,,,,,,,,,,,,,,,,,,,,,,,,,,,,,,,,,,,,,,,,,,,,,,,,,,,,,,,,,,,,,,,,
LM2670SX-5.0/NOPB,,LM2670SX-5.0,SemiBox,,,,,,,,,,,,,,,,,,-40 °C to 125 °C,SMD,D2PAK-7,Texas Instruments,YES,"Buck Switching Regulator IC Positive Fixed 5V 1 Output 3A TO-263-8, D2PAK (7 Leads + Tab), TO-263CA",https://www.ti.com/general/docs/suppproductinfo.tsp?distId=10&gotoUrl=https%3A%2F%2Fwww.ti.com%2Flit%2Fgpn%2Flm2670,03,01,02,12,001,DMT-03010212001,,,,,,,,,,,,,,,,,,,,,,,3 A,,,,,,,,,,,,Fixed,,,,,,,,,,,,,,,,,,,,,,,,,,,,,,,,,,,,,,Step-Down,Positive,Buck,1,8 V,40 V,5 V,,260 kHz,,,"ON/OFF, SYNC",,,,,,,,,,,,,,,,,,,,,,,,,,,,,,,,,,,,,,,,,,,,,,,,,,,,,,,,,,,,,,,,,,,,,,,,,,,,,,,,,,,,,,,,,,,,,,,,,,,,,,,,,,,,,,,,,,,,,,,,,,,,,,,,,,,,,,,,,,,,,,,,,,,,,,,,,,,,,,,,,,,,,,,,,,,,,,,,,,,,,,,,,,,,,,,,,,,,,,,,,,,,,,,,,,,,,,,,,,,,,,,,,,
TJA1100HNZ,,TJA1100HNZ,SemiBox,,,,,,,,,,,,,,,,,,-40 °C to 125 °C,SMD,VFQN36,NXP USA Inc.,YES,100BASE-T1 PHY for Automotive Ethernet,https://www.nxp.com/docs/en/data-sheet/TJA1100.pdf,03,05,05,01,001,DMT-03050501001,,,,,,,,,,,,,,,,,,,,Transceiver,,,,,,,,,Ethernet,1,Full,,100Mbit,,,,,,3.1 V to 3.5 V,,,,,,,,,,,,,,,,,,,,,,,,,,,,,,,,,,,,,,,,,,,,,,,,,,,,,,,,,,,,,,,,,,,,,,,,,,,,,,,,,,,,,,,,,,,,,,,,,,,,,,,,,,,,,,,,,,,,,,,,,,,,,,,,,,,,,,,,,,,,,,,,,,,,,,,,,,,,,,,,,,,,,,,,,,,,,,,,,,,,,,,,,,,,,,,,,,,,,,,,,,,,,,,,,,,,,,,,,,,,,,,,,,,,,,,,,,,,,,,,,,,,,,,,,,,,,,,,,,,,,,,,,,,,,,,
LM3940IMP-3.3,,LM3940IMP-3.3,SemiBox,,,,,,,,,,,,,,,"Over Temperature, Short Circuit",,,-40 °C to 125 °C,SMD,SOT223-4,Texas Instruments,YES,Linear Voltage Regulator IC Positive Fixed 1 Output 1A SOT-223-4,https://www.ti.com/general/docs/suppproductinfo.tsp?distId=10&gotoUrl=https%3A%2F%2Fwww.ti.com%2Flit%2Fgpn%2Flm3940,03,01,01,13,001,DMT-03010113001,,,,,,,,,,,,,,,,,,,,,,,1 A,,,,,,,,,,,,Fixed,,,,,,,,,,,,,,,,,,,,,,,,,,,,,,,,,,,,,,LDO,Positive,Linear,1,,7.5 V,3.3 V,,,,,,,,,,,,,,,,,,,,,,,,,,,,,,,,,,,,,,,,,,,,,,,,,,,,,,,,,,,,,,,,,,,,,,,,,,,,,,,,,,,,,,,,,,,,,,,,,,,,,,,,,,,,,,,,,,,,,,,,,,,,,,,,,,,,,,,,,,,,,,,,,,,,,,,,,,,,,,,,,,,,,,,,,,,,,,,,,,,,,,,,,,,,,,,,,,,,,,,,,,,,,,,,,,,,,,,,,,,,,,,,,,,,,,,
"74HCT02PW,112",,74HCT02PW,SemiBox,,,,,,,,,,,,,,,,,,-40 °C to 125 °C,SMD,TSSOP14,Nexperia USA Inc.,YES,NOR Gate IC 4 Channel 14-TSSOP,https://assets.nexperia.com/documents/data-sheet/74HC_HCT02.pdf,03,06,04,01,001,DMT-03060401001,,,,,,,,,,,,,,,,,,,,,,,,,,,,,,,,,,,,,,,4.5 V to 5.5 V,,,,,,,,,,,,,,,,,,,,,,,,,,,,,,,,,,,,,,,,,,,,,,,,,,,,,,,,,,,,,,,,,,,,,,,,,,,,,,,,,,,,,,,,,,,,NOR Gate,4,2,,,"19 ns @ 4.5 V, 50 pF",,2 V,0.8 V,4 mA,4 mA,2 uA,3.5 pF,,,,,,,,,,,,,,,,,,,,,,,,,,,,,,,,,,,,,,,,,,,,,,,,,,,,,,,,,,,,,,,,,,,,,,,,,,,,,,,,,,,,,,,,,,,,,,,,,,,,,,,,,,,,,,,,,,,,,,,,,,,,,,,,,,,,,,,,,,,,,,,,,,,,,,,,,,,,,,,,,,,,,,,
MCP9700AT-E/LT,,MCP9700AT,SemiBox,,,,,,,Temperature Sensor,,,,,,,,,,,-40 °C to 125 °C,SMD,SC70-5,Microchip Technology,YES,"Temperature Sensor Analog, Local -40°C ~ 125°C 10mV/°C SC-70-5",https://ww1.microchip.com/downloads/aemDocuments/documents/MSLD/ProductDocuments/DataSheets/MCP970X-Family-Data-Sheet-DS20001942.pdf,03,10,02,04,001,DMT-03100204001,,,,,,,,,,,,,,,,,,,,,,,,,,,,,,,,,,,,,,,2.3 V to 5.5 V,,,,,,,,,,,,,,,,,,,,,,,,,,,,,,,,,,,,,,,,,,,,,,,,,,,,,,,,,,,,,,,,,,,,,,,,,,,"Analog, Local",1,,"10mV/°C
, ±2°C",,,,,,,,,,,,,,,,,,,,,,,,,,,,,,,,,,,,,,,,,,,,,,,,,,,,,,,,,,,,,,,,,,,,,,,,,,,,,,,,,,,,,,,,,,,,,,,,,,,,,,,,,,,,,,,,,,,,,,,,,,,,,,,,,,,,,,,,,,,,,,,,,,,,,,,,,,,,,,,,,,,,,,,,,,,,,,,,,,,,,,,,,,,,,,,,,
TPS61029QDPNRQ1,,TPS61029,SemiBox,,,,,,,,,,,,,,,Over-Temperature Protection,,,-40 °C to 125 °C,SMD,VFDFN10,Texas Instruments,YES,Boost Switching Regulator IC Positive Adjustable 1.8V 1 Output 1.8A (Switch) 10-VFDFN Exposed Pad,https://www.ti.com/general/docs/suppproductinfo.tsp?distId=10&gotoUrl=https%3A%2F%2Fwww.ti.com%2Flit%2Fgpn%2Ftps61029-q1,03,01,03,11,001,DMT-03010311001,,,,,,,,,,,,,,,,,,,,,,,1.8 A,,,,,,,,,,,,Adjustable,,,,,,,,,AEC-Q100,,,,,,,,,,,,,,,,,,,,,,,,,,,,,Step-Up,Positive,Boost,1,0.9 V,5.5 V,1.8 V,5.5 V,600 kHz,,,"Enable, Power Save Mode",,,,,,,,,,,,,,,,,,,,,,,,,,,,,,,,,,,,,,,,,,,,,,,,,,,,,,,,,,,,,,,,,,,,,,,,,,,,,,,,,,,,,,,,,,,,,,,,,,,,,,,,,,,,,,,,,,,,,,,,,,,,,,,,,,,,,,,,,,,,,,,,,,,,,,,,,,,,,,,,,,,,,,,,,,,,,,,,,,,,,,,,,,,,,,,,,,,,,,,,,,,,,,,,,,,,,,,,,,,,,,,,,,
NCV6323BMTAATBG,,NCV6323BMTAATBG,SemiBox,,,,,,,,,,,,,,,,,,-40 °C to 125 °C,SMD,WDFN8,Onsemi,YES,Buck Switching Regulator IC Positive Adjustable 0.6V 1 Output 2A 8-WFDFN Exposed Pad,https://www.onsemi.com/pdf/datasheet/ncv6323-d.pdf,03,01,02,11,001,DMT-03010211001,,,,,,,,,,,,,,,,,,,,,,,2 A,,,,,,,,,,,,Adjustable,,,,,,,,,AEC-Q100,,,,,,,,,,,,,,,,,,,,,,,,,,,,,Step-Down,Positive,Buck,1,2.5 V,5.5 V,0.6 V,5.5 V,3 MHz,,,,,,,,,,,,,,,,,,,,,,,,,,,,,,,,,,,,,,,,,,,,,,,,,,,,,,,,,,,,,,,,,,,,,,,,,,,,,,,,,,,,,,,,,,,,,,,,,,,,,,,,,,,,,,,,,,,,,,,,,,,,,,,,,,,,,,,,,,,,,,,,,,,,,,,,,,,,,,,,,,,,,,,,,,,,,,,,,,,,,,,,,,,,,,,,,,,,,,,,,,,,,,,,,,,,,,,,,,,,,,,,,,,,,
74LVC74APW/AUJ,,74LVC74APW,SemiBox,,,,,,,,,,,,,,,,,,-40 °C to 125 °C,SMD,TSSOP14,NXP USA Inc.,YES,"Flip Flop 2 Element D-Type 1 Bit Positive Edge 14-TSSOP (0.173"", 4.40mm Width)",https://assets.nexperia.com/documents/data-sheet/74LVC74A.pdf,03,06,16,05,001,DMT-03061605001,,,,,,,,,,,,,,,,,,,,,,,,,,,,,,,,,,,Complementary,,,,1.65 V to 3.6 V,,,,,,,,,,,,,,,,,,,,,150 MHz,,,,,,,,,,,,,,,,,,,,,,,,,,,,,,,,,,,,,,,,,,,,,,,,,,,,,,,,,,,,,,,,,,,,,,,D-Type Flip Flop,,,2,1,"5.2 ns @ 3.3 V, 50 pF",Positive Edge,VIN,0.6 V,24 mA,24 mA,10 uA,4 pF,,,,,,,,,,,,,,,,,,,,,,,,,,,,,,,,,,,,,,,,,,,,,,,,,,,,,,,,,,,,,,,,,,,,,,,,,,,,,,,,,,,,,,,,,,,,,,,,,,,,,,,,,,,,,,,,,,,,,,,,,,,,,,,,,,,,,,,,,,,,,,,,,,,,,,,,,,,,,,,,,,,,,,,
DS90CF364AMTDX/NOPB,,DS90CF364AMTDX,SemiBox,,,,,,,,,,,,,,,,,,,SMD,TSSOP49,Texas Instruments,YES,,https://www.ti.com/general/docs/suppproductinfo.tsp?distId=10&gotoUrl=https%3A%2F%2Fwww.ti.com%2Flit%2Fgpn%2Fds90cf364a,03,05,08,01,001,DMT-03050801001,,,,,,,,,,,,,,,,,,,,LVDS Interface IC,,,,,,,,,LVDS,"3 Driver, 21 Receiver",,,455 Mb/s,"CMOS, TTL",,0.8 V,2 V,0.450 V,3 V to 6 V,1.98 W,,,YES,,,,,,,,,,,,,,,,,,,,,,,,,,,,,,,,,,,,,,,,,,,,,,,,,,,,,,,,,,,,,,,,,,,,,,,,,,,,,,,,,,,,,,,,,,,,,,,,,,,,,,,,,,,,,,,,,,,,,,,,,,,,,,,,,,,,,,,,,,,,,,,,,,,,,,,,,,,,,,,,,,,,,,,,,,,,,,,,,,,,,,,,,,,,,,,,,,,,,,,,,,,,,,,,,,,,,,,,,,,,,,,,,,,,,,,,,,,,,,,,,,,,,,,,,,,,,,,,,,,,,,,,,,,
25P80VG,,25P80VG,SemiBox,,,,,,,,,,,Serial Flash,,,,,,,-40 °C to +85 °C,SMD,SOIC8,Winbond,YES,"8M-BIT 
SERIAL FLASH MEMORY",https://www.alldatasheet.com/datasheet-pdf/download/181487/WINBOND/25P80VG.html,03,07,02,02,001,DMT-03070202001,,,,,,,,,,,,,,,,,,,,,,,,,,,,,,,,,,,,,,,2.7 V to 3.6 V,,,,,,,,,,,,,,,,,NOR,8Mbit,,SPI,50 MHz,,,20 years,,,,,,,,,,,,,,,,,,,,,,,,,,,,,,,,,,,,,,,,,,,,,,,,,,,,,,,,,,,,,,,,,,,,,,,,,,,,,,,,,,,,,,,,,,,,,,,,,,,,,,,,,,,,,,,,,,,,,,,,,,,,,,,,,,,,,,,,,,,,,,,,,,,,,,,,,,,,,,,,,,,,,,,,,,,,,,,,,,,,,,,,,,,,,,,,,,,,,,,,,,,,,,,,,,,,,,,,,,,,,,,,,,,,,,,,,,,,,,,,,,,,,,,
FIN1101K8X,,FIN1101K8X,SemiBox,,,,,,,,,,,,,,,,,,-40 °C to 85 °C,SMD,US8,Onsemi,YES,"Buffer, ReDriver 1 Channel 1.6Gbps US8",https://www.onsemi.com/pdf/datasheet/fin1101-d.pdf,03,05,13,05,001,DMT-03051305001,,,,,,,,,,,,,,,,,,,,"Buffer, ReDriver",,,,,,,,,LVDS,1,,,1.6Gbps,"LVDS, LVPECL",,1.1 V,1.3 V,,3.0 V to 3.6 V,,7 kV HBM ESD Protection,,,,,,,,,,,,,,,,,,,,,,,,,,,,,,,,,,,,,,,,,,,,,,,,,,,,,,,,,,,,,,,,,,,,,,,,,,,,,,,,,,,,,,,,,,,,,,,,,,,,,,,,,,,,,,,,,,,,,,,,,,,,,,,,,,,,,,,,,,,,,,,,,,,,,,,,,,,,,,,,,,,,,,,,,,,,,,,,,,,,,,,,,,,,,,,,,,,,,,,,,,,,,,,,,,,,,,,,,,,,,,,,,,,,,,,,,,,,,,,,,,,,,,,,,,,,,,,,,,,,,,,,,,,,,
88E1512-A0-NNP2I000,,88E1512-A0-NNP2I000,SemiBox,,,,,,,,,,,,,,,,,,-40 °C to 85 °C,SMD,VFQFN56,"Marvell Semiconductor, Inc.",YES,"4/4 Transceiver Full, Half IEEE 802.3, IEEE 1588 56-QFN (8x8)",https://www.marvell.com/content/dam/marvell/en/public-collateral/phys-transceivers/marvell-phys-transceivers-alaska-88e151x-datasheet.pdf,03,05,05,01,002,DMT-03050501002,,,,,,,,,,,,,,,,,,,,Transceiver,,,,,,,,,"IEEE 802.3, IEEE 1588",4/4,"Full, Half",,"10Mbps, 100Mbps, 1Gbps",,,,,,"1.71 V to 1.89 V, 2.38 V to 2.62 V, 3.14 V to 3.46 V",,,,,,,,,,,,,,,,,,,,,,,,,,,,,,,,,,,,,,,,,,,,,,,,,,,,,,,,,,,,,,,,,,,,,,,,,,,,,,,,,,,,,,,,,,,,,,,,,,,,,,,,,,,,,,,,,,,,,,,,,,,,,,,,,,,,,,,,,,,,,,,,,,,,,,,,,,,,,,,,,,,,,,,,,,,,,,,,,,,,,,,,,,,,,,,,,,,,,,,,,,,,,,,,,,,,,,,,,,,,,,,,,,,,,,,,,,,,,,,,,,,,,,,,,,,,,,,,,,,,,,,,,,,,,,,
SN74LVC1G00DBVR,,SN74LVC1G00,SemiBox,,,,,,,,,,,,,,,,,,,SMD,SOT23-5,UMW,YES,NAND Gate IC 1 Channel SOT-23-5,https://mm.digikey.com/Volume0/opasdata/d220001/medias/docus/2186/SN74LVC1G00.pdf,03,06,02,05,002,DMT-03060205002,,,,,,,,,,,,,,,,,,,,,,,,,,,,,,,,,,,,,,,1.65 V to 5.5 V,,,,,,,,,,,,,,,,,,,,,,,,,,,,,,,,,,,,,,,,,,,,,,,,,,,,,,,,,,,,,,,,,,,,,,,,,,,,,,,,,,,,,,,,,,,,NAND Gate,1,2,,,"10 ns @ 5 V, 15 pF",,1.7 V,0.8 V,32 mA,32 mA,10 uA,,,,,,,,,,,,,,,,,,,,,,,,,,,,,,,,,,,,,,,,,,,,,,,,,,,,,,,,,,,,,,,,,,,,,,,,,,,,,,,,,,,,,,,,,,,,,,,,,,,,,,,,,,,,,,,,,,,,,,,,,,,,,,,,,,,,,,,,,,,,,,,,,,,,,,,,,,,,,,,,,,,,,,,,
SN65C3223,,SN65C3223,SemiBox,,,,,,,,,,,,,,,,,,-40 °C to 85 °C,SMD,TSSOP20,Texas Instruments,YES,2/2 Transceiver Full RS232 20-TSSOP,https://www.ti.com/general/docs/suppproductinfo.tsp?distId=10&gotoUrl=https%3A%2F%2Fwww.ti.com%2Flit%2Fgpn%2Fsn65c3223,03,05,01,01,001,DMT-03050101001,,,,,,,,,,,,,,,,,,,,Transceiver,,,,,,,,,RS232,2/2,Full,500MV,1Mbps,,,,,,3 V to 5.5 V,,,,,,,,,,,,,,,,,,,,,,,,,,,,,,,,,,,,,,,,,,,,,,,,,,,,,,,,,,,,,,,,,,,,,,,,,,,,,,,,,,,,,,,,,,,,,,,,,,,,,,,,,,,,,,,,,,,,,,,,,,,,,,,,,,,,,,,,,,,,,,,,,,,,,,,,,,,,,,,,,,,,,,,,,,,,,,,,,,,,,,,,,,,,,,,,,,,,,,,,,,,,,,,,,,,,,,,,,,,,,,,,,,,,,,,,,,,,,,,,,,,,,,,,,,,,,,,,,,,,,,,,,,,,,,,
"74HC1G125GW,165",,74HC1G125,SemiBox,,,,,,,,,,,,,,,,,,-40 °C to 125 °C,SMD,TSSOP5,Nexperia USA Inc.,YES,"Buffer, Non-Inverting 1 Element 1 Bit per Element 3-State Output 5-TSSOP",https://assets.nexperia.com/documents/data-sheet/74HC_HCT1G125.pdf,03,06,08,01,001,DMT-03060801001,,,,,,,,,,,,,,,,,,,,,,,,,,,,,,,,,,,3-State,,,,2 V to 6 V,,,,,,,,,,,,,,,,,,,,,,,,,,,,,,,,,,,,,,,,,,,,,,,,,,,,,,,,,,,,,,,,,,,,,,,,,,,,,,,,,,,,,,,,,,,,"Buffer, Non-Inverting",,,1,1,,,2.4 V,1.35 V,7.8 mA,7.8 mA,,1.5 pF,,,,,,,,,,,,,,,,,,,,,,,,,,,,,,,,,,,,,,,,,,,,,,,,,,,,,,,,,,,,,,,,,,,,,,,,,,,,,,,,,,,,,,,,,,,,,,,,,,,,,,,,,,,,,,,,,,,,,,,,,,,,,,,,,,,,,,,,,,,,,,,,,,,,,,,,,,,,,,,,,,,,,,,
74AUP1G97GW,,74AUP1G97,SemiBox,,,,,,,,,,,,,,,,,,-40 °C to 125 °C,SMD,TSSOP6,Nexperia USA Inc.,YES,Configurable Multiple Function Configurable 1 Circuit 3 Input 6-TSSOP,https://assets.nexperia.com/documents/data-sheet/74AUP1G97.pdf,03,06,99,09,001,DMT-03069909001,,,,,,,,,,,,,,,,,,,,,,,,,,,,,,,,,,Schmitt Trigger Input,Single-Ended,,,,0.8 V to 3.6 V,,,,,,,,,,,,,,,,,,,,,,,,,,,,,,,,,,,,,,,,,,,,,,,,,,,,,,,,,,,,,,,,,,,,,,,,,,,,,,,,,,,,,,,,,,,,Configurable Multiple Function,1,3,1,,"3.8 ns @ 3.3 V, 15 pF",,0.7 × VCC,0.3 × VCC,4 mA,4 mA,,1.1 pF,,,,,,,,,,,,,,,,,,,,,,,,,,,,,,,,,,,,,,,,,,,,,,,,,,,,,,,,,,,,,,,,,,,,,,,,,,,,,,,,,,,,,,,,,,,,,,,,,,,,,,,,,,,,,,,,,,,,,,,,,,,,,,,,,,,,,,,,,,,,,,,,,,,,,,,,,,,,,,,,,,,,,,,
M95256-RMN6TP,,M95256,SemiBox,,,,,,,,,,,Non-Volatile,,,,,,,-40 °C to 85 °C,SMD,SOIC8,STMicroelectronics,YES,EEPROM Memory IC 256Kbit SPI 20 MHz 8-SOIC,https://www.st.com/content/ccc/resource/technical/document/datasheet/9d/75/f0/3e/76/00/4c/0b/CD00103810.pdf/files/CD00103810.pdf/jcr:content/translations/en.CD00103810.pdf,03,07,01,02,001,DMT-03070102001,,,,,,,,,,,,,,,,,,,,,,,,,,,,,,,,,,,,,,,1.8 V to 5.5 V,,,,,,,,,,,,,,,,,EEPROM,256kbit,32k x 8,SPI,20 MHz,5 ms,4 million Write cycles,200 year,,,,,,,,,,,,,,,,,,,,,,,,,,,,,,,,,,,,,,,,,,,,,,,,,,,,,,,,,,,,,,,,,,,,,,,,,,,,,,,,,,,,,,,,,,,,,,,,,,,,,,,,,,,,,,,,,,,,,,,,,,,,,,,,,,,,,,,,,,,,,,,,,,,,,,,,,,,,,,,,,,,,,,,,,,,,,,,,,,,,,,,,,,,,,,,,,,,,,,,,,,,,,,,,,,,,,,,,,,,,,,,,,,,,,,,,,,,,,,,,,,,,,,,
TMS5703137DZWTQQ1,,TMS5703137DZWTQQ1,SemiBox,,,,,,,,,,,,,,,,,,-40 °C to 125 °C,SMD,LFBGA337,Texas Instruments,YES,ARM® Cortex®-R4F Hercules™ TMS570 ARM® Cortex®-R Microcontroller IC 16/32-Bit 180MHz 3MB (3M x 8) FLASH 337-NFBGA (16x16),https://www.ti.com/lit/ds/symlink/tms570ls3137.pdf?HQS=dis-dk-null-digikeymode-dsf-pf-null-wwe&ts=1761564281266&ref_url=https%253A%252F%252Fwww.ti.com%252Fgeneral%252Fdocs%252Fsuppproductinfo.tsp%253FdistId%253D10%2526gotoUrl%253Dhttps%253A%252F%252Fwww.ti.com%252Flit%252Fgpn%252Ftms570ls3137,03,08,11,61,001,DMT-03081161001,,,,,,,,,,,,,,,,,,,,,,,,,,,,,,,,,,,,,,,,,,,,,,,,,,,,,,,,,,,,,,,,,,,,,,,,,,,,,,,,,,,,,,,,,,,,,,,,,,,,,,,,,,,,,,,,,,,,,,ARM® Cortex®-R4F,16/32-Bit,180MHz,"CANbus, EBI/EMI, Ethernet, FlexRay, I2C, LINbus, MibSPI, SCI, SPI, UART/USART","DMA, POR, PWM, WDT",120,3MB (3M x 8),Flash,64K x 8,256K x 8,1.14 V to 3.6 V,A/D 24x12b,External,,,,,,,,,,,,,,,,,,,,,,,,,,,,,,,,,,,,,,,,,,,,,,,,,,,,,,,,,,,,,,,,,,,,,,,,,,,,,,,,,,,,,,,,,,,,,,,,,,,,,,,,,,,,,,,,,,,,,,,,,,,,,,,,,,,,,,,,,,,,,,,,,,,,,,,,,,,,,,,,,,,,,,,,,,,,,,,,,,,,
SZMMBZ6V8ALT1G,,SZMMBZ6V8ALT1G,SemiBox,,,,,,,,,,,,,,,,,,-55 °C to 150 °C,SMD,SOT23-3,Onsemi,YES,Zener Diode Array 1 Pair Common Anode 6.8 V 300 mW ±5% SOT-23-3 (TO-236),https://www.onsemi.com/pdf/datasheet/mmbz5v6alt1-d.pdf,02,01,02,01,001,DMT-02010201001,,,,,,,,,,,,,,,,,,,,,,,,,,,,,,,,,,,,,,,,,,,,AEC-Q101,,,,,,,,,,,,,,,,,,,,,,5%,,,,,,,,,,,,,,,,,,,,,,,,,,,,,,,,,,,,,,,,,,,,,,,,,,,,,,,,,,,,,,,,,,,,,,,,,,,,,,,,,,,,,,,,,,,,,,,,,,,,,,,,,,,,,,,,,,,1 Pair Common Anode,Zener,6.8 V,300 mW,,,500nA @ 4.5 V,900 mV @ 10 mA,,,6.8 V,,,,,,,,,,,,,,,,,,,,,,,,,,,,,,,,,,,,,,,,,,,,,,,,,,,,,,,,,,,,,,,,,,,,,,,,,,,,,,,,,,,,,,,,,,,,,,,,,,,,,,,,,,,,,,,,,,,,,,,
PESD2CANFD24V-UX,,PESD2CANFD24V,SemiBox,,,,,,,,,,,,,,,,,,-55 °C to 175 °C,SMD,SC70,Nexperia USA Inc.,YES,ESD protection for In-vehicle networks,https://assets.nexperia.com/documents/data-sheet/PESD2CANFD24V-U.pdf,02,01,05,01,001,DMT-02010501001,,,,,,,,,,,,,,,,,,,,,,,,,,,,,,,,,,,,,,,,,,,,AEC-Q101,,,,,,,,,,,,,,,,,,,,,,,,,,,,,,,,,,,,,,,,,,,,,,,,,,,,,,,,,,,,,,,,,,,,,,,,,,,,,,,,,,,,,,,,,,,,,,,,,,,,,,,,,,,,,,,,,,,,,,,,,,,,,,,,,,,,,,,,,1 Pair Common Anode,Zener,25.5 V,,,2.6 A (8/20 µs),1nA @ 24 V,,,5.2 pF @ 1 MHz,25.5 V,23 kV,,,,,,,,,,,,,,,,,,,,,,,,,,,,,,,,,,,,,,,,,,,,,,,,,,,,,,,,,,,,,,,,,,,,,,,,,,,,,,,,,,,,,,,,,,,,,,,,,,,,,,,,,,,,,,,,,,,,,,
PESD2IVN24-TR,,PESD2IVN24,SemiBox,,,,,,,,,,,,,,,,,,-55 °C to 150 °C,SMD,SOT23-3,Nexperia USA Inc.,YES,ESD protection for In-vehicle networks,https://assets.nexperia.com/documents/data-sheet/PESD2IVN24-T.pdf,02,01,05,01,002,DMT-02010501002,,,,,,,,,,,,,,,,,,,,,,,,,,,,,,,,,,,,,,,,,,,,AEC-Q101,,,,,,,,,,,,,,,,,,,,,,,,,,,,,,,,,,,,,,,,,,,,,,,,,,,,,,,,,,,,,,,,,,,,,,,,,,,,,,,,,,,,,,,,,,,,,,,,,,,,,,,,,,,,,,,,,,,,,,,,,,,,,,,,,,,,,,,,,1 Pair Common,Zener,24 V,,,3.5 A (8/20 µs),1nA @ 24 V,,,"14 pF @ 0 V, 1 MHz",30.5 V,30 kV,,,,,,,,,,,,,,,,,,,,,,,,,,,,,,,,,,,,,,,,,,,,,,,,,,,,,,,,,,,,,,,,,,,,,,,,,,,,,,,,,,,,,,,,,,,,,,,,,,,,,,,,,,,,,,,,,,,,,,
RCLAMP0554S.TCT,,RCLAMP0554S.TCT,SemiBox,,,,,,,,,,,,,,,,,,-55 °C to 125 °C,SMD,SOT23-6,Semtech Corporation,YES,15V Clamp 25A (8/20µs) Ipp Tvs Diode Surface Mount SOT-23-6,https://semtech.my.salesforce.com/sfc/p/#E0000000JelG/a/44000000MCiQ/lNiCycbKQl1phEsnYTt2E8MZRUMYTfm_uOtGfAHbWMY,02,01,05,01,003,DMT-02010501003,,,,,,,,,,,,,,,,,,,,,,,,,,,,,,,,,,,,,,,,,,,,,,,,,,,,,,,,,,,,,,,,,,,,,,,,,,,,,,,,,,,,,,,,,,,,,,,,,,,,,,,,,,,,,,,,,,,,,,,,,,,,,,,,,,,,,,,,,,,,,,,,,,,,,,,,,,,,,,,,,,,,,,,,,,,,,,,,,,,,,4 Unidirectional,Steering (Rail to Rail),,375 W,,25 A (8/20 µs),,,,,6 V,30kV,,,,,,,,,,,,,,,,,,,,,,,,,,,,,,,,,,,,,,,,,,,,,,,,,,,,,,,,,,,,,,,,,,,,,,,,,,,,,,,,,,,,,,,,,,,,,,,,,,,,,,,,,,,,,,,,,,,,,,
TPS57114QRTERQ1,,TPS57114QRTERQ1,SemiBox,,,,,,,,,,,,,,,"Overcurrent Protection, Reverse Overcurrent Protection",,,-40 °C to 125 °C,SMD,WFQFN16,Texas Instruments,YES,Buck Switching Regulator IC Positive Adjustable 0.8V 1 Output 4A 16-WFQFN Exposed Pad,https://www.ti.com/lit/ds/symlink/tps57114c-q1.pdf,03,01,02,11,002,DMT-03010211002,,,,,,,,,,,,,,,,,,,,,,,4 A,,,,,,,,,,,,Adjustable,,,,,,,,,AEC-Q100,,,,,,,,,,,,,,,,,,,,,,,,,,,,,Step-Down,Positive,Buck,1,2.95 V,6 V,0.8 V,4.5 V,200 kHz to 2 MHz,,,"Enable, Synchronization",,,,,,,,,,,,,,,,,,,,,,,,,,,,,,,,,,,,,,,,,,,,,,,,,,,,,,,,,,,,,,,,,,,,,,,,,,,,,,,,,,,,,,,,,,,,,,,,,,,,,,,,,,,,,,,,,,,,,,,,,,,,,,,,,,,,,,,,,,,,,,,,,,,,,,,,,,,,,,,,,,,,,,,,,,,,,,,,,,,,,,,,,,,,,,,,,,,,,,,,,,,,,,,,,,,,,,,,,,,,,,,,,,
OPA365AQDBVRQ1,,OPA365AQDBVRQ1,SemiBox,,,,,,,,,,,,,,,,,,-40 °C to 125 °C,SMD,SOT23-5,Texas Instruments,YES,Standard (General Purpose) Amplifier 1 Circuit Rail-to-Rail SOT-23-5,https://www.ti.com/lit/ds/symlink/opa365-q1.pdf,03,02,01,03,001,DMT-03020103001,,,,,,,,,,,,,,,,,,,,,,,,,,,,,,,,,,,Rail-to-Rail,,,,,,,,,AEC-Q100,,,,,,,,,,,,,,,,,,,,,,,,,,,,,,,,,,,,,,,,,,,,,,,,,,,,,,,,,,,,,,,,,,,,,,,1,,,,,,,,,,,,,,,,,,,,,,,,,,,,,,,,,,,,,,,,,,,,,,,,,,,,,,,,,,,,,,,,,,,,,,,,,,,,,,Standard (General Purpose),25 V/µs,50 MHz,0.2 pA,100 µV,4.6 mA,65 mA,2.2 V,5.5 V,,,,,,,,,,,,,,,,,,,,,,,,,,,,,,,,,,,,,,,,,,,,,,,,,,,,,,,,,,,,,,,,,,,,,,,,,,,,,,,,,,,,,,,,,,,,,,,,,,,,,,,,,,,,,
LM50CIM3/NOPB,,LM50CIM3/NOPB,SemiBox,,,,,,,"Analog, Local",,,,,,,,,,,-40 °C ~ 125 °C,SMD,SOT23-3,Texas Instruments,YES,"Temperature Sensor Analog, Local -40°C ~ 125°C 10mV/°C SOT-23-3",https://www.ti.com/lit/ds/symlink/lm50.pdf,03,10,02,04,002,DMT-03100204002,,,,,,,,,,,,,,,,,,,,,,,,,,,,,,,,,,,,,,,4.5 V to 10 V,,,,,,,,,,,,,,,,,,,,,,,,,,,,,,,,,,,,,,,,,,,,,,,,,,,,,,,,,,,,,,,,,,,,,,,,,,,"Analog, Local",1,,"10mV/°C,
 ±3°C",,,,,,,,,,,,,,,,,,,,,,,,,,,,,,,,,,,,,,,,,,,,,,,,,,,,,,,,,,,,,,,,,,,,,,,,,,,,,,,,,,,,,,,,,,,,,,,,,,,,,,,,,,,,,,,,,,,,,,,,,,,,,,,,,,,,,,,,,,,,,,,,,,,,,,,,,,,,,,,,,,,,,,,,,,,,,,,,,,,,,,,,,,,,,,,,,
DS90UB947TRGCTQ1,,DS90UB947TRGCTQ1,SemiBox,,,,,,,,,,,,,,,,,,-40 °C to 105 °C,SMD,VQFN63,Texas Instruments,YES,3Gbps Serializer 8 Input 2 Output 64-VQFN (9x9),https://www.ti.com/lit/ds/symlink/ds90ub947-q1.pdf,03,05,08,06,001,DMT-03050806001,,,,,,,,,,,,,,,,,,,,Serializer,,,,,,,,,,8/2,,,3Gbps,LVDS,"FPD-Link III, LVDS",1.71 V,1.89 V,,1.71 V to 1.89 V,,15kV,,,AEC-Q100,,,,,,,,,,,,,,,,,,,,,,,,,,,,,,,,,,,,,,,,,,,,,,,,,,,,,,,,,,,,,,,,,,,,,,,,,,,,,,,,,,,,,,,,,,,,,,,,,,,,,,,,,,,,,,,,,,,,,,,,,,,,,,,,,,,,,,,,,,,,,,,,,,,,,,,,,,,,,,,,,,,,,,,,,,,,,,,,,,,,,,,,,,,,,,,,,,,,,,,,,,,,,,,,,,,,,,,,,,,,,,,,,,,,,,,,,,,,,,,,,,,,,,,,,,,,,,,,,,,,,,,,,,
ATSAMC21J18A-AUT,,ATSAMC21J18,SemiBox,,,,,,,,,,,,,,,,,,-40 °C to 85 °C,SMD,TQFP64,Microchip Technology,YES,"ARM® Cortex®-M0+ SAM C21, Functional Safety (FuSa) Microcontroller IC 32-Bit 48MHz 256KB (256K x 8) FLASH 64-TQFP (10x10)",https://ww1.microchip.com/downloads/aemDocuments/documents/MCU32/ProductDocuments/DataSheets/SAM-D20-Family-Data-Sheet-DS60001504.pdf,03,08,03,01,001,DMT-03080301001,,,,,,,,,,,,,,,,,,,,,,,,,,,,,,,,,,,,,,,,,,,,,,,,,,,,,,,,,,,,,,,,,,,,,,,,,,,,,,,,,,,,,,,,,,,,,,,,,,,,,,,,,,,,,,,,,,,,,,ARM® Cortex®-M0+,32-Bit,48MHz,"CANbus, I2C, LINbus, SPI, UART/USART","Brown-out Detect/Reset, DMA, POR, WDT",52,256KB (256K x 8),Flash,,32K x 8,2.7 V to 5.5 V,"A/D 20x12b, 3x16b; D/A 1x10b",Internal,,,,,,,,,,,,,,,,,,,,,,,,,,,,,,,,,,,,,,,,,,,,,,,,,,,,,,,,,,,,,,,,,,,,,,,,,,,,,,,,,,,,,,,,,,,,,,,,,,,,,,,,,,,,,,,,,,,,,,,,,,,,,,,,,,,,,,,,,,,,,,,,,,,,,,,,,,,,,,,,,,,,,,,,,,,,,,,,,,,,
N25Q256A13EF840E,,N25Q256A13EF840E,SemiBox,,,,,,,,,,,Non-Volatile,,,,,,,-40 °C to 85 °C,SMD,VDFN8,Micron Technology Inc.,YES,FLASH - NOR Memory IC 256Mbit SPI 108 MHz 8-VDFPN (MLP8) (8x6),https://www.part-elec.com/datasheet/micron/N25Q256A13EF840E.pdf,03,07,02,03,001,DMT-03070203001,,,,,,,,,,,,,,,,,,,,,,,,,,,,,,,,,,,,,,,2.7 V to 3.6 V,,,,,,,,,,,,,,,,,FLASH - NOR,256Mbit,64M x 4,SPI/QSPI,108 MHz,8 ms,100.000 ERASE cycles,20 years,,,,,,,,,,,,,,,,,,,,,,,,,,,,,,,,,,,,,,,,,,,,,,,,,,,,,,,,,,,,,,,,,,,,,,,,,,,,,,,,,,,,,,,,,,,,,,,,,,,,,,,,,,,,,,,,,,,,,,,,,,,,,,,,,,,,,,,,,,,,,,,,,,,,,,,,,,,,,,,,,,,,,,,,,,,,,,,,,,,,,,,,,,,,,,,,,,,,,,,,,,,,,,,,,,,,,,,,,,,,,,,,,,,,,,,,,,,,,,,,,,,,,,,
0878330431,15,0878330431,ConBox,,,,,,,,,,,,,,,,,,-55 °C to 105 °C,THT,2x2 Male Header 2.00mm,Molex,YES,"Connector Header Through Hole, Right Angle 4 position 0.079"" (2.00mm)",https://www.molex.com/content/dam/molex/molex-dot-com/products/automated/en-us/productspecificationpdf/878/87831/PS-87831-027-001.pdf?inline,09,02,01,01,001,DMT-09020101001,,,,,,,,Solder,,,,,,,,,,,50,,,,,,,,,,,,,,,,,,,,,,,,,,Header,,,,,Right Angle,,,,,2 A,,,,,,,,,,,,,,,,,,,,,,,,,,,,,,,,,,,,,,,,,,,,,,,,4,2,2.00mm,Male Pin,,Latch Holder,125 V,"Polyamide (PA), Nylon, Glass Filled",,,,,,,,,,,,,,,,,,,,,,,,,,,,,,,,,,,,,,,,,,,,,,,,,,,,,,,,,,,,,,,,,,,,,,,,,,,,,,,,,,,,,,,,,,,,,,,,,,,,,,,,,,,,,,,,,,,,,,,,,,,,,,,,,,,,,,,,,,,,,,,,,,,,,,,,,,,,,,,,,,,,,,,,,,,,,,,,,,,,,,,,,,,,,,,,,,,,,,,,
HD12-19-SMT-TR,20,HD12-19-SMT-TR,SemiBox,,,,,,,HDMI,,,,,,,,,,,-40 °C to 100 °C,"Surface Mount, Through Hole",HDMI RECEPTACLE,Same Sky,YES,"HDMI HDMI 2.0 Receptacle Connector 19 Position Surface Mount, Through Hole",https://www.sameskydevices.com/product/resource/hd12-19-smt-tr.pdf,09,10,03,02,001,DMT-09100302001,,,,,,,,Solder,,,,,,,,,,,,,,,,,,,,,,,,,,,,,,,,,,,,,HDMI,,Shielded,,,Vertical,Receptacle,,,,0.5 A,,,,,,,,,,,,,,,,,,,,,,,,,,,,,,,,,,,,,,,,,,,,,,,,,,,,,,40VAC,,19,Steel (SUS201),Gold,,,,,,,,,,,,,,,,,,,,,,,,,,,,,,,,,,,,,,,,,,,,,,,,,,,,,,,,,,,,,,,,,,,,,,,,,,,,,,,,,,,,,,,,,,,,,,,,,,,,,,,,,,,,,,,,,,,,,,,,,,,,,,,,,,,,,,,,,,,,,,,,,,,,,,,,,,,,,,,,,,,,,,,,,,,,,,,,,,,,,,,,,,,,,,,,,,,,,
TC397XX256F300SBDKXUMA1,4,TC397XX256F300,SemiBox,,,,,,,,,,,,,,,,,,-40 °C to 125 °C,SMD,LFBGA292,Infineon Technologies,YES,TriCore™ AURIX™ Microcontroller IC 32-Bit 6-Core 300MHz 16MB (16M x 8) FLASH PG-LFBGA-292-10,https://www.infineon.com/assets/row/public/documents/10/49/infineon-tc39x-datasheet-en.pdf,03,08,13,41,001,DMT-03081341001,,,,,,,,,,,,,,,,,,,,,,,,,,,,,,,,,,,,,,,,,,,,,,,,,,,,,,,,,,,,,,,,,,,,,,,,,,,,,,,,,,,,,,,,,,,,,,,,,,,,,,,,,,,,,,,,,,,,,,TriCore,32-Bit 6-Core,300MHz,"ASC, CANbus, Ethernet, FlexRay, HSSL, I2C, LINbus, MSC, PSI, QSPI, SENT","DMA, I2S, LVDS, PWM, WDT",,16MB (16M x 8),Flash,1M x 8,6.75M x 8,2.97 V to 5.5 V,"A/D 76 SAR, Sigma-Delta",Internal,,,,,,,,,,,,,,,,,,,,,,,,,,,,,,,,,,,,,,,,,,,,,,,,,,,,,,,,,,,,,,,,,,,,,,,,,,,,,,,,,,,,,,,,,,,,,,,,,,,,,,,,,,,,,,,,,,,,,,,,,,,,,,,,,,,,,,,,,,,,,,,,,,,,,,,,,,,,,,,,,,,,,,,,,,,,,,,,,,,,
SQ2301ES-T1_GE3,2900,SQ2301ES,SemiBox,,,,,,,,,,,,,,,,,,-55 °C to +175 °C,SMD,SOT23-3,Vishay Siliconix,YES,P-Channel 20 V 3.9A (Tc) 3W (Tc) Surface Mount TO-236 (SOT-23),https://www.vishay.com/docs/66718/sq2301es.pdf,02,03,02,01,001,DMT-02030201001,,,,,,,,,,,,,,,,,,,,,,,,,,,,,,,,,,,,,,,,,,,,AEC-Q101,,,,,,,,,,,,MOSFET,,,,,,,,,,,,,,,,,,,,,,,,,,,,,P-Channel,-20 V,3.9 A,-2.5 V,-4.5 V,"0.12R @ 2.8 A, -4.5 V",-1.5 V @ 250 uA,8 nC @ 4.5 V,8 V,425 pF @ 10 V,,3 W,Automotive,,,,,,,,,,,,,,,,,,,,,,,,,,,,,,,,,,,,,,,,,,,,,,,,,,,,,,,,,,,,,,,,,,,,,,,,,,,,,,,,,,,,,,,,,,,,,,,,,,,,,,,,,,,,,,,,,,,,,,,,,,,,,,,,,,,,,,,,,,,,,,,,,,,,,,,,,,,,,,,,,,,,,,,,,,,,,,,,,,,,,,,,,,,,,,,,,,,,,,,,,,,,,,,,,,,,,
STL76DN4LF7AG,9,STL76DN4LF7AG,SemiBox,,,,,,,,,,,,,,,,,,-55 °C to 175 °C,SMD,PowerVDFN8,STMicroelectronics,YES,Mosfet Array 40V 40A (Tc) 71W (Tc) Surface Mount PowerFlat™ (5x6),https://www.st.com/resource/en/datasheet/stl76dn4lf7ag.pdf,02,03,01,03,003,DMT-02030103003,,,,,,,,,,,,,,,,,,,,,,,,,,,,,,,,,,,,,,,,,,,,AEC-Q101,,,,,,,,,,,,MOSFET,,,,,,,,,,,,,,,,,,,,,,,,,,,,,N-Channel,40 V,40 A,4.5 V,10 V,"0.006R @ 10 A, 10 V",2.5 V @ 250 uA,17nC @ 250 uA,20 V,956 pF @ 25 V,,71 W,Automotive,,,,,,,,,,,,,,,,,,,,,,,,,,,,,,,,,,,,,,,,,,,,,,,,,,,,,,,,,,,,,,,,,,,,,,,,,,,,,,,,,,,,,,,,,,,,,,,,,,,,,,,,,,,,,,,,,,,,,,,,,,,,,,,,,,,,,,,,,,,,,,,,,,,,,,,,,,,,,,,,,,,,,,,,,,,,,,,,,,,,,,,,,,,,,,,,,,,,,,,,,,,,,,,,,,,,,
"74AUP1G74DC,125",100,74AUP1G74,SemiBox,,,,,,,,,,,,,,,,,,-40 °C to 125 °C,SMD,VSSOP8,Nexperia USA Inc.,YES,"Flip Flop 1 Element D-Type 1 Bit Positive Edge 8-VFSOP (0.091"", 2.30mm Width)",https://assets.nexperia.com/documents/data-sheet/74AUP1G74.pdf,03,06,16,09,001,DMT-03061609001,,,,,,,,,,,,,,,,,,,,,,,,,,,,,,,,,,,Complementary,,,,0.8 V to 3.6 V,,,,,,,,,,,,,,,,,,,,,315 MHz,,,,,,,,,,,,,,,,,,,,,,,,,,,,,,,,,,,,,,,,,,,,,,,,,,,,,,,,,,,,,,,,,,,,,,,D-Type FF,1,1,1,1,"5.7 ns @ 3.3 V, 30 pF",Positive Edge,1.6 V,0.9 V,4 mA,4 mA,500 nA,0.6 pF,,,,,,,,,,,,,,,,,,,,,,,,,,,,,,,,,,,,,,,,,,,,,,,,,,,,,,,,,,,,,,,,,,,,,,,,,,,,,,,,,,,,,,,,,,,,,,,,,,,,,,,,,,,,,,,,,,,,,,,,,,,,,,,,,,,,,,,,,,,,,,,,,,,,,,,,,,,,,,,,,,,,,,,
TFM-105-02-S-D,,TFM-105-02-S-D,SemiBox,,,,,,,,,,,,,,,,,,-55 °C to +125 °C,SMD,2x10 Male Header,Samtec Inc.,YES,"Connector Header Surface Mount 10 position 0.050"" (1.27mm)",https://www.farnell.com/datasheets/2047776.pdf,09,02,01,01,002,DMT-09020101002,,,,,,,,Solder,,,,,,,,,,,,,,,,,,,,,,,,,,,,,,,,,,,,,Header,,,,,Vertical,,,,,3.2 A,,,,,,,,,,,,,,,,,,,,,,,,,,,,,,,,,,,,,,,,,,,,,,,,10,2,1.27mm,Male Pin,,Latch Holder,250VAC,Liquid Crystal Polymer (LCP),,,,,,,,,,,,,,,,,,,,,,,,,,,,,,,,,,,,,,,,,,,,,,,,,,,,,,,,,,,,,,,,,,,,,,,,,,,,,,,,,,,,,,,,,,,,,,,,,,,,,,,,,,,,,,,,,,,,,,,,,,,,,,,,,,,,,,,,,,,,,,,,,,,,,,,,,,,,,,,,,,,,,,,,,,,,,,,,,,,,,,,,,,,,,,,,,,,,,,,,
BLM41PG102SN1L,1000,BLM41PG102SN1L,SemiBox,,,,,,,,,,,,,,,,,,-55 °C to 125 °C,SMD,1806,Murata Electronics,YES,1 kOhms @ 100 MHz 1 Power Line Ferrite Bead 1806 (4516 Metric) 1.5A 90mOhm,https://www.murata.com/en-us/products/productdata/8796739862558/ENFA0007.pdf,01,04,01,01,006,DMT-01040101006,,,,,,,,,,,,,,,,,,,,,,,,,,,,,,,,,,,,,,,,,,,,,,,,,,,,,,,,,,,,,,,,,,,,,,,,,,,,,,,,,,,,,,,,,,,,,,,,,,Power Line,1,1k @ 100 MHz,1.5 A,0.09R,,,,,,,,,,,,,,,,,,,,,,,,,,,,,,,,,,,,,,,,,,,,,,,,,,,,,,,,,,,,,,,,,,,,,,,,,,,,,,,,,,,,,,,,,,,,,,,,,,,,,,,,,,,,,,,,,,,,,,,,,,,,,,,,,,,,,,,,,,,,,,,,,,,,,,,,,,,,,,,,,,,,,,,,,,,,,,,,,,,,,,,,,,,,,,,,,,,,,,,,,,,,,,,,
LM20145MH/NOPB,4,LM20145,SemiBox,,,,,,,,,,,,,,,"OVP, UVLO, PG, Thermal shutdown",,,-40 °C to 125 °C,SMD,HTSSOP16,Texas Instruments,YES,"Buck Switching Regulator IC Positive Adjustable 0.8V 1 Output 5A 16-PowerTSSOP (0.173"", 4.40mm Width)",https://www.ti.com/lit/ds/symlink/lm20145.pdf,03,01,02,04,001,DMT-03010204001,,,,,,,,,,,,,,,,,,,,,,,5 A,,,,,,,,,,,,Adjustable,,,,,,,,,,,,,,,,,,,,,,,,,,,,,,,,,,,,,,Step-Down,Positive,Buck,1,2.95,5.5,0.8,4.68,260 kHz to 750 kHz,,,Enable,,,,,,,,,,,,,,,,,,,,,,,,,,,,,,,,,,,,,,,,,,,,,,,,,,,,,,,,,,,,,,,,,,,,,,,,,,,,,,,,,,,,,,,,,,,,,,,,,,,,,,,,,,,,,,,,,,,,,,,,,,,,,,,,,,,,,,,,,,,,,,,,,,,,,,,,,,,,,,,,,,,,,,,,,,,,,,,,,,,,,,,,,,,,,,,,,,,,,,,,,,,,,,,,,,,,,,,,,,,,,,,,,,
B82412A1332K,30,3.3uH 200mA,RLC-Box,,,,,,,,,,,,,,,,,,-55 °C to 125 °C,SMD,3.20mm x 2.50mm,EPCOS - TDK Electronics,YES,"3.3 µH Unshielded Drum Core, Wirewound Inductor 200 mA 1.2Ohm Max 2-SMD, J-Lead",https://www.tdk-electronics.tdk.com/inf/30/db/ind_2008/b82422a_100.pdf,01,03,01,02,001,DMT-01030102001,,,,,,,,,,,,,,,,,,,,"Drum Core, Wirewound",,,,,,,,,,,,,,,,,,,,,,,,AEC-Q200,,,Unshielded,,,,,,,,,,,,,,,,,Ferrite,300 uH,10%,0.2 A,,1.2 R,27 @ 7.96MHz,110 MHz,1 MHz,,,,,,,,,,,,,,,,,,,,,,,,,,,,,,,,,,,,,,,,,,,,,,,,,,,,,,,,,,,,,,,,,,,,,,,,,,,,,,,,,,,,,,,,,,,,,,,,,,,,,,,,,,,,,,,,,,,,,,,,,,,,,,,,,,,,,,,,,,,,,,,,,,,,,,,,,,,,,,,,,,,,,,,,,,,,,,,,,,,,,,,,,,,,,,,,,,,,,,,,,,,,,,,,,,,,,,,,,,,,,,,,,,,,,,,,,,,,,,
PP001209,4,PP001209,ProjectBox-ENERGIS,,,,,,,,,,,,,,,,,,105 °C max,,,MULTICOMP PRO,YES,"Wire, Tri Rated, PVC, Brown, 12 AWG, 56 x 0.3mm, 3.3 ft",https://www.farnell.com/datasheets/4148457.pdf,10,07,01,04,001,DMT-10070104001,,,,,,,,,,,,,,,,,,,,,,,,,,,,,,,,,,,,,,,,,,,,,,,Unshielded,,,,,,,,41 A,,,,,,,,,,,,,,,,,,,,,,,,,,,,,,,,,,,,,,,,,,,,,,,,,,,,,,,,,,,,,,,,,,,,,,,,,,,,,,,,,,,,,,,,,,,,,,,,,,,,,,,,,,,,,,,,,,,,,,,,,,,,,,,,,,,,,,,,,,,,,,,,,,,,,PVC,,,,,,,,,,,12,Copper,,,Brown,,,600 V,,,,,,,,,,,,,,,,,,,,,,,,,,,,,,,,,,,,,Tri Rated,1,0,56 x 0.3mm,,,,,,,,,,,,,,,,,,,,,,,,,,,,,,,,,,,,,,,,,,,,,,,,
PP001200,4,PP001200,ProjectBox-ENERGIS,,,,,,,,,,,,,,,,,,105 °C max,,,MULTICOMP PRO,YES,"Wire, Tri Rated, PVC, Blue, 12 AWG, 56 x 0.3mm, 3.3 ft",https://www.farnell.com/datasheets/4148457.pdf,10,07,01,04,002,DMT-10070104002,,,,,,,,,,,,,,,,,,,,,,,,,,,,,,,,,,,,,,,,,,,,,,,Unshielded,,,,,,,,42 A,,,,,,,,,,,,,,,,,,,,,,,,,,,,,,,,,,,,,,,,,,,,,,,,,,,,,,,,,,,,,,,,,,,,,,,,,,,,,,,,,,,,,,,,,,,,,,,,,,,,,,,,,,,,,,,,,,,,,,,,,,,,,,,,,,,,,,,,,,,,,,,,,,,,,PVC,,,,,,,,,,,12,Copper,,,Blue,,,600 V,,,,,,,,,,,,,,,,,,,,,,,,,,,,,,,,,,,,,Tri Rated,1,0,56 x 0.3mm,,,,,,,,,,,,,,,,,,,,,,,,,,,,,,,,,,,,,,,,,,,,,,,,
PP001243,4,PP001243,ProjectBox-ENERGIS,,,,,,,,,,,,,,,,,,105 °C max,,,MULTICOMP PRO,YES,"Wire, Tri Rated, PVC, Green, Yellow, 12 AWG, 56 x 0.3mm, 328 ft",https://www.farnell.com/datasheets/4148457.pdf,10,07,01,04,003,DMT-10070104003,,,,,,,,,,,,,,,,,,,,,,,,,,,,,,,,,,,,,,,,,,,,,,,Unshielded,,,,,,,,42 A,,,,,,,,,,,,,,,,,,,,,,,,,,,,,,,,,,,,,,,,,,,,,,,,,,,,,,,,,,,,,,,,,,,,,,,,,,,,,,,,,,,,,,,,,,,,,,,,,,,,,,,,,,,,,,,,,,,,,,,,,,,,,,,,,,,,,,,,,,,,,,,,,,,,,PVC,,,,,,,,,,,12,Copper,,,Yellow/Green,,,600 V,,,,,,,,,,,,,,,,,,,,,,,,,,,,,,,,,,,,,Tri Rated,1,0,56 x 0.3mm,,,,,,,,,,,,,,,,,,,,,,,,,,,,,,,,,,,,,,,,,,,,,,,,
CRGP2512F330R,22,330R 1% 2W,ProjectBox-ENERGIS,,,,,,,,,,,,,,,,,,-55 °C to 155 °C,SMD,2512,TE Connectivity Passive Product,YES,"330 Ohms ±1% 2W Chip Resistor 2512 (6332 Metric) Automotive AEC-Q200, Pulse Withstanding Thick Film",https://www.te.com/commerce/DocumentDelivery/DDEController?Action=srchrtrv&DocNm=9-1773463-9&DocType=Data%20Sheet&DocLang=English&DocFormat=pdf&PartCntxt=3-2176325-7,01,02,01,06,004,DMT-01020106004,,,,,,,,,,,,,,,,,,"Automotive, Pulse Withstanding",,,,,,2 W,,,,,,,,,,,,,,,,,,,,AEC-Q200,,,,,,,,,,,,,,,,,,,,,,1%,,,,,,,,,,,,,,,,,,,,,,,,,,,,,,,,,,,,,,,,,,,,,,,,,,,,,,,,,,,,,,,,,,,,,,,,,,,,,,,330 R,Thick Film,±100ppm/°C,,,,,,,,,,,,,,,,,,,,,,,,,,,,,,,,,,,,,,,,,,,,,,,,,,,,,,,,,,,,,,,,,,,,,,,,,,,,,,,,,,,,,,,,,,,,,,,,,,,,,,,,,,,,,,,,,,,,,,,,,,,,,,,,,,,,,,,,,,,,,,,,,,,,,,,,,,,,,,,,,,,
DR74-102-R,10,1mH 270mA,ProjectBox-ENERGIS,,,,,,,,,,,,,,,,,,-40 °C to 125 °C,SMD,7.60mm x 7.60mm,Eaton - Electronics Division,YES,"1 mH Shielded Drum Core, Wirewound Inductor 270 mA 3.89Ohm Nonstandard",https://www.eaton.com/content/dam/eaton/products/electronic-components/resources/data-sheet/eaton-dr-high-power-density-high-efficiency-shielded-drum-core-power-inductors-data-sheet.pdf,01,03,01,01,009,DMT-01030101009,,,,,,,,,,,,,,,,,,,,"Drum Core, Wirewound",,,,,,,,,,,,,,,,,,,,,,,,,,,Shielded,,,,,,,,,,,,,,,,,Ferrite,1 mH,20%,0.27 A,0.31 A,3.89 R,,,,,,,,,,,,,,,,,,,,,,,,,,,,,,,,,,,,,,,,,,,,,,,,,,,,,,,,,,,,,,,,,,,,,,,,,,,,,,,,,,,,,,,,,,,,,,,,,,,,,,,,,,,,,,,,,,,,,,,,,,,,,,,,,,,,,,,,,,,,,,,,,,,,,,,,,,,,,,,,,,,,,,,,,,,,,,,,,,,,,,,,,,,,,,,,,,,,,,,,,,,,,,,,,,,,,,,,,,,,,,,,,,,,,,,,,,,,,,,,,
AEH08102R2M400R,9,2.2uF 400V,ProjectBox-ENERGIS,,,,,,,,,,,,,,,,,,-40 °C to 125 °C,SMD,8.30mm x 8.30mm,KYOCERA AVX,YES,"2.2 µF 400 V Aluminum Electrolytic Capacitors Radial, Can - SMD 3000 Hrs @ 125°C",https://datasheets.kyocera-avx.com/kyocera-avx-aeh-series.pdf,01,01,02,01,005,DMT-01010201005,,,,,,,,,,,,,,,,,,,,,,,,,,,,,,,,,,,,,,,,,,,,,,,,,,,,,,,,,,,,,,,,,,20%,,,,,,,,,,,,,,,,,,,,,,,,,,,,,,,,,,,,,,,,,,,,,,,,,,,,,,,,,,,,,,,,,,,,,,,,,,,,,,,,,,,2.2 uF,400 V,,,16.5 mA @ 120 Hz,30 mA @ 100 kHz,,,,,,,,,,,,,,,,,,,,,,,,,,,,,,,,,,,,,,,,,,,,,,,,,,,,,,,,,,,,,,,,,,,,,,,,,,,,,,,,,,,,,,,,,,,,,,,,,,,,,,,,,,,,,,,,,,,,,,,,,,,,,,,,,,,,,,,,,,,,,,,,,,,,,,,,,,,,
VLS6045EX-1R0N,15,1uH 6A,ProjectBox-ENERGIS,,,,,,,,,,,,,,,,,,-40 °C to 105 °C,SMD,6.00mm x 6.00mm,TDK Corporation,YES,"1 µH Shielded Drum Core, Wirewound Inductor 6 A 12mOhm Nonstandard",https://product.tdk.com/en/system/files/dam/doc/product/inductor/inductor/smd/catalog/inductor_commercial_power_vls6045ex_en.pdf,01,03,01,01,010,DMT-01030101010,,,,,,,,,,,,,,,,,,,,"Drum Core, Wirewound",,,,,,,,,,,,,,,,,,,,,,,,,,,Shielded,,,,,,,,,,,,,,,,,Ferrite,1 uH,30%,6 A,12 A,0.012 R,,,100 kHz,,,,,,,,,,,,,,,,,,,,,,,,,,,,,,,,,,,,,,,,,,,,,,,,,,,,,,,,,,,,,,,,,,,,,,,,,,,,,,,,,,,,,,,,,,,,,,,,,,,,,,,,,,,,,,,,,,,,,,,,,,,,,,,,,,,,,,,,,,,,,,,,,,,,,,,,,,,,,,,,,,,,,,,,,,,,,,,,,,,,,,,,,,,,,,,,,,,,,,,,,,,,,,,,,,,,,,,,,,,,,,,,,,,,,,,,,,,,,,
MCHP122WF220JT4E,10,22R 1% 2W,ProjectBox-ENERGIS,,,,,,,,,,,,,,,,,,"-55 °C

 to 155 °C",SMD,2512,MULTICOMP PRO,YES,"SMD Chip Resistor, 22 ohm, ± 1%, 2 W, 2512 [6432 Metric], Thick Film, High Power",https://www.farnell.com/datasheets/3336918.pdf,01,02,01,06,005,DMT-01020106005,,,,,,,,,,,,,,,,,,,,,,,,2 W,,,,,,,,,,,,,,,,,,,,,,,,,,,,,,,,,,,,,,,,,,1%,,,,,,,,,,,,,,,,,,,,,,,,,,,,,,,,,,,,,,,,,,,,,,,,,,,,,,,,,,,,,,,,,,,,,,,,,,,,,,,22 R,Thick Film,± 100ppm/°C,,,,,,,,,,,,,,,,,,,,,,,,,,,,,,,,,,,,,,,,,,,,,,,,,,,,,,,,,,,,,,,,,,,,,,,,,,,,,,,,,,,,,,,,,,,,,,,,,,,,,,,,,,,,,,,,,,,,,,,,,,,,,,,,,,,,,,,,,,,,,,,,,,,,,,,,,,,,,,,,,,,
CRM2512QJW-100ELF,13,10R 5% 2W,ProjectBox-ENERGIS,,,,,,,,,,,,,,,,,,-55 °C to 155 °C,SMD,2512,Bourns Inc.,YES,"10 Ohms ±5% 2W Chip Resistor 2512 (6332 Metric) Automotive AEC-Q200, Pulse Withstanding Thick Film",https://www.bourns.com/docs/Product-Datasheets/CRM-Q.pdf,01,02,01,06,006,DMT-01020106006,,,,,,,,,,,,,,,,,,"Automotive, Pulse Withstanding",,,,,,2 W,,,,,,,,,,,,,,,,,,,,AEC-Q200,,,,,,,,,,,,,,,,,,,,,,5%,,,,,,,,,,,,,,,,,,,,,,,,,,,,,,,,,,,,,,,,,,,,,,,,,,,,,,,,,,,,,,,,,,,,,,,,,,,,,,,10 R,Thick Film,±200ppm/°C,,,,,,,,,,,,,,,,,,,,,,,,,,,,,,,,,,,,,,,,,,,,,,,,,,,,,,,,,,,,,,,,,,,,,,,,,,,,,,,,,,,,,,,,,,,,,,,,,,,,,,,,,,,,,,,,,,,,,,,,,,,,,,,,,,,,,,,,,,,,,,,,,,,,,,,,,,,,,,,,,,,
CAT24C256HU4IGT3,5,CAT24C256,ProjectBox-ENERGIS,,,,,,,,,,,Non-Volatile,,,,,,,-40 °C to 85 °C,SMD,UFDFN8,onsemi,YES,EEPROM Memory IC 256Kbit I2C 1 MHz 500 ns 8-UDFN-EP (2x3),https://www.onsemi.com/pdf/datasheet/cat24c256-d.pdf,03,07,01,01,001,DMT-03070101001,,,,,,,,,,,,,,,,,,,,,,,,,,,,,,,,,,,,,,,1.8 V to 5.5 V,,,,,,,,,,,,,,,,,EEPROM,256Kbit,32K x 8,I2C,1 MHz,500 ns,1.000.000 Program/Erase Cycles,100 Year,,,,,,,,,,,,,,,,,,,,,,,,,,,,,,,,,,,,,,,,,,,,,,,,,,,,,,,,,,,,,,,,,,,,,,,,,,,,,,,,,,,,,,,,,,,,,,,,,,,,,,,,,,,,,,,,,,,,,,,,,,,,,,,,,,,,,,,,,,,,,,,,,,,,,,,,,,,,,,,,,,,,,,,,,,,,,,,,,,,,,,,,,,,,,,,,,,,,,,,,,,,,,,,,,,,,,,,,,,,,,,,,,,,,,,,,,,,,,,,,,,,,,,,
RB160MM-60TR,20,RB160MM-60TR,ProjectBox-ENERGIS,,,,,,,,,,,,,,,,,,-40 °C to 150 °C,SMD,SOD123,Rohm Semiconductor,YES,Diode 60 V 1A Surface Mount PMDU,https://fscdn.rohm.com/en/products/databook/datasheet/discrete/diode/schottky_barrier/rb160mm-60tr-e.pdf,02,01,03,01,001,DMT-02010301001,,,,,,,,,,,,,,,,,,,,,,,,,,,,,,,,,,,,,,,,,,,,,,,,,,,,,,,,,,,,,,,,,,,,,,,,,,,,,,,,,,,,,,,,,,,,,,,,,,,,,,,,,,,,,,,,,,,,,,,,,,,,,,,,,,,,,,,,,,,,,,,,,,,,,,,,,,,,,,,,,,,,,,,,,,,,,,,,,,,,,,Schottky,,,1 A,30 A,50 uA @ 60 V,0.55 V @ 1 A,,,60 V,,,,,,,,,,,,,,,,,,,,,,,,,,,,,,,,,,,,,,,,,,,,,,,,,,,,,,,,,,,,,,,,,,,,,,,,,,,,,,,,,,,,,,,,,,,,,,,,,,,,,,,,,,,,,,,,,,,,,,,
US1J,9,US1J,ProjectBox-ENERGIS,,,,,,,,,,,,,,,,,,-55 °C to 150 °C,SMD,SMA,"Shenzhen Slkormicro Semicon Co., Ltd.",YES,Diode 600 V 1A Surface Mount DO-214AC (SMA),https://mm.digikey.com/Volume0/opasdata/d220001/medias/docus/6956/5399_US1J%20SMA.pdf,02,01,03,01,002,DMT-02010301002,,,,,,,,,,,,,,,,,,,,,,,,,,,,,,,,,,,,,,,,,,,,,,,,,,,,,,,,,,,,,,,,,,,,,,,,,,,,,,,,,,,,,,,,,,,,,,,,,,,,,,,,,,,,,,,,,,,,,,,,,,,,,,,,,,,,,,,,,,,,,,,,,,,,,,,,,,,,,,,,,,,,,,,,,,,,,,,,,,,,,,Standard,,,1 A,30 A,5 uA @ 600 V,1.7 V @ 1 A,100nS,"15 pF @ 4 V, 1 MHz",,,,,,,,,,,,,,,,,,,,,,,,,,,,,,,,,,,,,,,,,,,,,,,,,,,,,,,,,,,,,,,,,,,,,,,,,,,,,,,,,,,,,,,,,,,,,,,,,,,,,,,,,,,,,,,,,,,,,,,,
AEH10104R7M400R,10,4.7uF 400V,ProjectBox-ENERGIS,,,,,,,,,,,,,,,,,,-40 °C to 125 °C,SMD,10.30mm x 10.30mm,KYOCERA AVX,YES,"4.7 µF 400 V Aluminum Electrolytic Capacitors Radial, Can - SMD 3000 Hrs @ 125°C",https://datasheets.kyocera-avx.com/kyocera-avx-aeh-series.pdf,01,01,02,01,006,DMT-01010201006,,,,,,,,,,,,,,,,,,,,,,,,,,,,,,,,,,,,,,,,,,,,,,,,,,,,,,,,,,,,,,,,,,20%,,,,,,,,,,,,,,,,,,,,,,,,,,,,,,,,,,,,,,,,,,,,,,,,,,,,,,,,,,,,,,,,,,,,,,,,,,,,,,,,,,,4.7 uF,400 V,,,42.9 mA @ 120 Hz,65 mA @ 100 kHz,,,,,,,,,,,,,,,,,,,,,,,,,,,,,,,,,,,,,,,,,,,,,,,,,,,,,,,,,,,,,,,,,,,,,,,,,,,,,,,,,,,,,,,,,,,,,,,,,,,,,,,,,,,,,,,,,,,,,,,,,,,,,,,,,,,,,,,,,,,,,,,,,,,,,,,,,,,,
SI-60118-F,7,SI-60118-F,ProjectBox-ENERGIS,,,,,,,,,,,,,,,,,,-40 °C to 85 °C,THT,THT Ethernet,Bel Fuse Inc.,YES,"1 Port RJ45 Through Hole 10/100 Base-T, AutoMDIX",https://www.belfuse.com/media/brochures/products/magjack%20ICMs/br-mag-magjack-icm.pdf,09,07,04,01,001,DMT-09070401001,,,,,,,,,,,,,,,,,,,,,,,,,,,,,,,,,"10/100 Base-T, AutoMDIX",,,,,,,,,,,,RJ45,1,"Shielded, EMI Finger",YES,Green - Green,90° Angle (Right),Female,TabDown,Board Lock,,,,,,,,,,,,,,,,,,,,,,,,,,,,,,,,,,,,,,,,,,,,,,,,,,,,,,,,,,,,,,,,,,,,,,,,,,,,,,,,,,,,,,,,,,,,,,,,,,,,,,,,,,,,,,,,,,,,,,,,,,,,,,,,,,,,,,,,,,,,,,,,,,,,,,,,,,,,,,,,,,,,,,,,,,,,,,,,,,,,,,,,,,,,,,,,,,,,,,,,,,,,,,,,,,,,,,,,,,,,,,,,,,,,,,,,,,,,,,,,,,,,,,,,,,,,,,,,,
IRM-10-15,3,IRM-10-15,ProjectBox-ENERGIS,,,,,,,,,,,,,,,"Short Circuit, Overload, Overvoltage",,,-30 °C to 70 °C,THT,4-DIP Module,MEAN WELL USA Inc.,YES,"Enclosed AC DC Converters 1 Output 15V 670mA 85 ~ 305 VAC, 120 ~ 430 VDC Input",https://www.meanwellusa.com/upload/pdf/IRM-10/IRM-10-spec.pdf,07,01,02,05,001,DMT-07010205001,,,,,,,,,,,,,,,,,,,,Enclosed,85VAC to 305VAC,15 V,0.67 A,10 W,82%,,,,,,,,,,,,,,,,,,,,,,,,,,,,,,,,,,,,,,,,,,,,,,,,,,,,,,,,,,,,,,,,,,,,,,,,,,,,,,,,,,,,,,,,,,,,,,,,,,,,,,,,,,,,,,,,,,,,,,,,,,,,,,,,,,,,,,,,,,,,,,,,,,,,,,,,,,,,,,,,,,,,,,,,,,,,,,,,,,,,,,,,,,,,,,,,,,,,,,,,,,,,,,,,,,,,,,,,,,,,,,,,,,,,,,,,,,,,,,,,,,,,,,,,,,,,,,,,,,,,,,,,,,,,,,,,,,,,,,,,,,,,,
F31W-1A7H1-11020,20,F31W-1A7H1-11020,ProjectBox-ENERGIS,,,,,,,,,,,,,,,,,,-40 °C to 105 °C,SMD,FPC-Vertical-0.5mm,Amphenol ICC (FCI),YES,"20 Position FFC, FPC Connector Contacts, Vertical - 1 Sided 0.020"" (0.50mm) Surface Mount",https://cdn.amphenol-cs.com/media/wysiwyg/files/documentation/datasheet/flex/ffc_fpc_050mm_f31w_f31z_f314_f336.pdf,09,18,01,02,001,DMT-09180102001,,,,,,,,,,,,,,,Phosphor Bronze,,,"Solder Retention, Zero Insertion Force (ZIF)",30,,,,,,,,,,,,,,,,,,,,,,,,,,,,,,,,,,,,,,,,,,,,,,,,0.5 A,,,,,,,,,,,,,,,,,,,,,,,,,,,,,,,,,,,,20,,0.5mm,,,SlideLock,50 V,"Liquid Crystal Polymer (LCP), Glass Filled",,,,,,,,,,,,,,,,,,,,,,,,,,,,,,,,,,,,,,,,,,,,,,,,,,,,,,,,,,,,,,,Solder,4.25mm,,,,Gold,0.05um,,,,,,,,,,,,,,,,,,,,,,,,,,,,,,,,,,,,,,,,,,,,,,,,,,,,,,,,,,,,,,,,,,,,,,,,,,,,,,,,,,,,,,,,,,,"FFC, FPC","Contacts, Vertical - 1 Sided",0.33mm,Notched,"Polyamide (PA9T), Nylon 9T, Glass Filled, Halogen Free",UL94 V-0,Natural,Grey,,,,,,,,,,,,,,,,,,,,,,,,,,,,,,,,,
MCHP122WF470JT4E,8,47R 1% 2W,ProjectBox-ENERGIS,,,,,,,,,,,,,,,,,,"-55 °C

 to 155 °C",SMD,2512,MULTICOMP PRO,YES,"SMD Chip Resistor, 47 ohm, ± 1%, 2 W, 2512 [6432 Metric], Thick Film, High Power",https://www.farnell.com/datasheets/3336918.pdf?_gl=1*1fyzsdl*_gcl_au*MjA0NDg0NDM5Mi4xNzU4NDAzNDE5,01,02,01,06,007,DMT-01020106007,,,,,,,,,,,,,,,,,,,,,,,,2 W,,,,,,,,,,,,,,,,,,,,,,,,,,,,,,,,,,,,,,,,,,1%,,,,,,,,,,,,,,,,,,,,,,,,,,,,,,,,,,,,,,,,,,,,,,,,,,,,,,,,,,,,,,,,,,,,,,,,,,,,,,,47 R,Thick Film,± 100ppm/°C,,,,,,,,,,,,,,,,,,,,,,,,,,,,,,,,,,,,,,,,,,,,,,,,,,,,,,,,,,,,,,,,,,,,,,,,,,,,,,,,,,,,,,,,,,,,,,,,,,,,,,,,,,,,,,,,,,,,,,,,,,,,,,,,,,,,,,,,,,,,,,,,,,,,,,,,,,,,,,,,,,,
MP2315SGJ-Z,14,MP2315SGJ-Z,ProjectBox-ENERGIS,,,,,,,,,,,,,,,"OVP, OCP, Thermal Shutdown, SoftStart",,,-40 °C to 125 °C,SMD,TSOT23-8,Monolithic Power Systems Inc.,YES,"Buck Switching Regulator IC Positive Adjustable 0.8V 1 Output 3A SOT-23-8 Thin, TSOT-23-8",https://www.monolithicpower.com/en/documentview/productdocument/index/version/2/document_type/Datasheet/lang/en/sku/MP2315S/document_id/981,03,01,02,01,001,DMT-03010201001,,,,,,,,,,,,,,,,,,,,,,,3 A,,,,,,,,,,,,Adjustable,,,,,,,,,,,,,,,,,,,,,,,,,,,,,,,,,,,,,,Step-Down,Positive,Buck,1,4.5 V,24 V,0.8 V,22.8 V,600 kHz,,,Enble,,,,,,,,,,,,,,,,,,,,,,,,,,,,,,,,,,,,,,,,,,,,,,,,,,,,,,,,,,,,,,,,,,,,,,,,,,,,,,,,,,,,,,,,,,,,,,,,,,,,,,,,,,,,,,,,,,,,,,,,,,,,,,,,,,,,,,,,,,,,,,,,,,,,,,,,,,,,,,,,,,,,,,,,,,,,,,,,,,,,,,,,,,,,,,,,,,,,,,,,,,,,,,,,,,,,,,,,,,,,,,,,,,
CRGP2512F39R,13,39R 1% 2W,ProjectBox-ENERGIS,,,,,,,,,,,,,,,,,,-55 °C to 155 °C,SMD,2512,TE Connectivity Passive Product,YES,"39 Ohms ±1% 2W Chip Resistor 2512 (6332 Metric) Automotive AEC-Q200, Pulse Withstanding Thick Film",https://www.te.com/commerce/DocumentDelivery/DDEController?Action=srchrtrv&DocNm=9-1773463-9&DocType=Data%20Sheet&DocLang=English&DocFormat=pdf&PartCntxt=3-2176325-7,01,02,01,06,008,DMT-01020106008,,,,,,,,,,,,,,,,,,"Automotive, Pulse Withstanding",,,,,,2 W,,,,,,,,,,,,,,,,,,,,AEC-Q200,,,,,,,,,,,,,,,,,,,,,,1%,,,,,,,,,,,,,,,,,,,,,,,,,,,,,,,,,,,,,,,,,,,,,,,,,,,,,,,,,,,,,,,,,,,,,,,,,,,,,,,39 R,Thick Film,±100ppm/°C,,,,,,,,,,,,,,,,,,,,,,,,,,,,,,,,,,,,,,,,,,,,,,,,,,,,,,,,,,,,,,,,,,,,,,,,,,,,,,,,,,,,,,,,,,,,,,,,,,,,,,,,,,,,,,,,,,,,,,,,,,,,,,,,,,,,,,,,,,,,,,,,,,,,,,,,,,,,,,,,,,,
MCP23017-E/ML,5,MCP23017-E/ML,ProjectBox-ENERGIS,,,,,,,,,,,,,,,,,,-40 °C to 125 °C,,,Microchip Technology,YES,I/O Expander 16 I2C 1.7 MHz 28-QFN (6x6),https://ww1.microchip.com/downloads/aemDocuments/documents/APID/ProductDocuments/DataSheets/MCP23017-Data-Sheet-DS20001952.pdf,03,05,10,99,001,DMT-03051099001,,,,,,,,,,,,,,,,,,,,I/O Expander,,,,,,,,,,16,,,,GPIO,Push-Pull,,,1.8 V,5.5 V,,4 kV:400V,,,AEC-Q100,,,,,,,,,,,,,,,,,,,,,,,,,,,,,,,,,,,,,,,,,,,,,,,,,,,,,,,,,,,,,,,,,,,,,,,,,,,,,,,,,,,,,,,,,,,,,,,,,,,,,,,,,,,,,,,,,,,,,,,,,,,,,,,,,,,,,,,,,,,,,,,,,,,,,,,,,,,,,,,,,,,,,,,,,,,,,,,,,,,,,,,,,,,,,,,,,,,,,,,,,,,,,,,,,,,,,,,,,,,,,,,,,,,,,,,,,,,,,,,,,,,,,,,,,,,,,,,,,,,,,,,,,,
IRM-15-12,2,IRM-15-12,ProjectBox-ENERGIS,,,,,,,,,,,,,,,"Short Circuit, Overload, Overvoltage",,,-30 °C to 70 °C,THT,4-DIP Module,MEAN WELL USA Inc.,YES,"Enclosed AC DC Converters 1 Output 12V 1.25A 85 ~ 305 VAC, 120 ~ 430 VDC Input",https://www.meanwellusa.com/upload/pdf/IRM-15/IRM-15-spec.pdf,07,01,02,05,002,DMT-07010205002,,,,,,,,,,,,,,,,,,,,Enclosed,85 to 305VAC,12 V,1.25 A,15 W,82%,,,,,,,,,,,,,,,,,,,,,,,,,,,,,,,,,,,,,,,,,,,,,,,,,,,,,,,,,,,,,,,,,,,,,,,,,,,,,,,,,,,,,,,,,,,,,,,,,,,,,,,,,,,,,,,,,,,,,,,,,,,,,,,,,,,,,,,,,,,,,,,,,,,,,,,,,,,,,,,,,,,,,,,,,,,,,,,,,,,,,,,,,,,,,,,,,,,,,,,,,,,,,,,,,,,,,,,,,,,,,,,,,,,,,,,,,,,,,,,,,,,,,,,,,,,,,,,,,,,,,,,,,,,,,,,,,,,,,,,,,,,,,
G2RL-1A-E-CV DC12,23,G2RL-1A-E-CV DC12,ProjectBox-ENERGIS,,,,,,,,,,,,,,,,,,-40 °C to 105 °C,THT,G2RL-1A-E,Omron Electronics Inc-EMC Div,YES,General Purpose Relay SPST-NO (1 Form A) 12VDC Coil Through Hole,https://components.omron.com/sites/components.omron.com.us/files/datasheet_pdf/J117-E1.pdf,12,02,05,01,001,DMT-12020501001,12VDC,SPST-NO,16 A,"440VAC, 300VDC - Max","7040VA, 4800W",33.3 mA,Non Latching,PC Pin,Sealed - Flux Protection,,8.4 V,1.2 V,15 ms,5 ms,"Silver Alloy, Cadmium Free",General Purpose,360 R,,20.000.000,,,,,,,,,,,,,,,,,,,,,,,,,,,,,,,,,,,,,,,,,,,,,,,,,,,,,,,,,,,,,,,,,,,,,,,,,,,,,,,,,,,,,,,,,,,,,,,,,,,,,,,,,,,,,,,,,,,,,,,,,,,,,,,,,,,,,,,,,,,,,,,,,,,,,,,,,,,,,,,,,,,,,,,,,,,,,,,,,,,,,,,,,,,,,,,,,,,,,,,,,,,,,,,,,,,,,,,,,,,,,,,,,,,,,,,,,,,,,,,,,,,,,,,,,,,,,,,,,,,,,,,,,,,,,,,,,,,,,,,,,,,,,,,,,,,
DLG-0403-4R7,2,4.7uH 1.150A,ProjectBox-ENERGIS,,,,,,,,,,,,,,,,,,-40 °C to 125 °C,SMD,4.5mm x 4.0 mm,FERROCORE,YES,SMD; 0403; 4.7uH; 1.15A; 0.11Ω,https://www.tme.eu/Document/bda580f72a60a2225c2f6576c2740ae1/dlg-0504.pdf,01,03,01,01,011,DMT-01030101011,,,,,,,,,,,,,,,,,,,,"Drum Core, Wirewound",,,,,,,,,,,,,,,,,,,,,,,,,,,Unshielded,,,,,,,,,,,,,,,,,Ferrite,4.7 uH,±20%,1.150 A,,0.109 R,,,7.96 MHz,,,,,,,,,,,,,,,,,,,,,,,,,,,,,,,,,,,,,,,,,,,,,,,,,,,,,,,,,,,,,,,,,,,,,,,,,,,,,,,,,,,,,,,,,,,,,,,,,,,,,,,,,,,,,,,,,,,,,,,,,,,,,,,,,,,,,,,,,,,,,,,,,,,,,,,,,,,,,,,,,,,,,,,,,,,,,,,,,,,,,,,,,,,,,,,,,,,,,,,,,,,,,,,,,,,,,,,,,,,,,,,,,,,,,,,,,,,,,,
ENERGIS-1.0.0,1,,ProjectBox-ENERGIS,,Partially assembled,Main Board,1.0.0,1,,,80VAC-250VAC,,RP2040,Flash,,,,,,ROHS,,,,DMT,YES,,https://github.com/DvidMakesThings/HW_10-In-Rack_PDU,29,14,02,01,001,DMT-29140201001,,,,,,,,,,,,,,,,,,,,,,,,,,,,,,,,,,,,,,,,,,,,,,,,,,,,,,,,,,,,,,,,,,,,,,,,,,,,,,,,,,,,,,,,,,,,,,,,,,,,,,,,,,,,,,,,,,,,,,,,,,,,,,,,,,,,,,,,,,,,,,,,,,,,,,,,,,,,,,,,,,,,,,,,,,,,,,,,,,,,,,,,,,,,,,,,,,,,,,,,,,,,,,,,,,,,,,,,,,,,,,,,,,,,,,,,,,,,,,,,,,,,,,,,,,,,,,,,,,,,,,,,,,,,,,,,,,,,,,,,,,,,,,,,,,,,,,,,,,,,,,,,,,,,,,
